Workbook

Sheet Sheet1
A1: frame_no | B1: timestamp_sec | C1: raw_digits | D1: weight | E1: local_median_g | F1: trend_ref_g | G1: reset_drop_g | H1: excluded | I1: weight_kept_g | J1: is_started | K1: time_corrected_s | N1: Parametreler
A2: 0 | B2: 0 | C2: 600 | D2: 6 | E2: =MEDIAN(D2:D22) | F2: =E2 | G2: =F2-E2 | H2: =IF(OR(NOT(ISNUMBER(D2)),ABS(D2-E2)>$O$3,AND($O$11=1,B2<$O$12)),1,0) | I2: =IF(H2=1,NA(),D2) | J2: =IF(AND(ISNUMBER(D2),D2>=$O$4,OR($O$11=0,B2>=$O$12)),1,0) | K2: =B2-$O$14 | N2: Medyan penceresi (satir, her yonde) | O2: 20
A3: 3 | B3: 0.1 | C3: 00 | D3: 0 | E3: =MEDIAN(D2:D23) | F3: =E3 | G3: =F3-E3 | H3: =IF(OR(NOT(ISNUMBER(D3)),ABS(D3-E3)>$O$3,AND($O$11=1,B3<$O$12)),1,0) | I3: =IF(H3=1,NA(),D3) | J3: =IF(AND(ISNUMBER(D3),D3>=$O$4,OR($O$11=0,B3>=$O$12)),1,0) | K3: =B3-$O$14 | N3: Disleme toleransi (g) | O3: 0.15
A4: 6 | B4: 0.2 | C4: 00 | D4: 0 | E4: =MEDIAN(D2:D24) | F4: =E4 | G4: =F4-E4 | H4: =IF(OR(NOT(ISNUMBER(D4)),ABS(D4-E4)>$O$3,AND($O$11=1,B4<$O$12)),1,0) | I4: =IF(H4=1,NA(),D4) | J4: =IF(AND(ISNUMBER(D4),D4>=$O$4,OR($O$11=0,B4>=$O$12)),1,0) | K4: =B4-$O$14 | N4: Baslangic esigi (g) | O4: 0.05
A5: 9 | B5: 0.3 | C5: 000 | D5: 0 | E5: =MEDIAN(D2:D25) | F5: =E5 | G5: =F5-E5 | H5: =IF(OR(NOT(ISNUMBER(D5)),ABS(D5-E5)>$O$3,AND($O$11=1,B5<$O$12)),1,0) | I5: =IF(H5=1,NA(),D5) | J5: =IF(AND(ISNUMBER(D5),D5>=$O$4,OR($O$11=0,B5>=$O$12)),1,0) | K5: =B5-$O$14 | N5: Siringa hacmi (mL) | O5: 60
A6: 12 | B6: 0.4 | C6: 000 | D6: 0 | E6: =MEDIAN(D2:D26) | F6: =E6 | G6: =F6-E6 | H6: =IF(OR(NOT(ISNUMBER(D6)),ABS(D6-E6)>$O$3,AND($O$11=1,B6<$O$12)),1,0) | I6: =IF(H6=1,NA(),D6) | J6: =IF(AND(ISNUMBER(D6),D6>=$O$4,OR($O$11=0,B6>=$O$12)),1,0) | K6: =B6-$O$14 | N6: Yogunluk (g/mL) | O6: 1
A7: 15 | B7: 0.5 | C7: 000 | D7: 0 | E7: =MEDIAN(D2:D27) | F7: =E7 | G7: =F7-E7 | H7: =IF(OR(NOT(ISNUMBER(D7)),ABS(D7-E7)>$O$3,AND($O$11=1,B7<$O$12)),1,0) | I7: =IF(H7=1,NA(),D7) | J7: =IF(AND(ISNUMBER(D7),D7>=$O$4,OR($O$11=0,B7>=$O$12)),1,0) | K7: =B7-$O$14 | N7: Reset bakis penceresi (satir) | O7: 20
A8: 18 | B8: 0.6 | C8: 00 | D8: 0 | E8: =MEDIAN(D2:D28) | F8: =E8 | G8: =F8-E8 | H8: =IF(OR(NOT(ISNUMBER(D8)),ABS(D8-E8)>$O$3,AND($O$11=1,B8<$O$12)),1,0) | I8: =IF(H8=1,NA(),D8) | J8: =IF(AND(ISNUMBER(D8),D8>=$O$4,OR($O$11=0,B8>=$O$12)),1,0) | K8: =B8-$O$14 | N8: Reset esigi (g) | O8: 5
A9: 21 | B9: 0.7 | C9: 00 | D9: 0 | E9: =MEDIAN(D2:D29) | F9: =E9 | G9: =F9-E9 | H9: =IF(OR(NOT(ISNUMBER(D9)),ABS(D9-E9)>$O$3,AND($O$11=1,B9<$O$12)),1,0) | I9: =IF(H9=1,NA(),D9) | J9: =IF(AND(ISNUMBER(D9),D9>=$O$4,OR($O$11=0,B9>=$O$12)),1,0) | K9: =B9-$O$14
A10: 24 | B10: 0.8 | C10: 00 | D10: 0 | E10: =MEDIAN(D2:D30) | F10: =E10 | G10: =F10-E10 | H10: =IF(OR(NOT(ISNUMBER(D10)),ABS(D10-E10)>$O$3,AND($O$11=1,B10<$O$12)),1,0) | I10: =IF(H10=1,NA(),D10) | J10: =IF(AND(ISNUMBER(D10),D10>=$O$4,OR($O$11=0,B10>=$O$12)),1,0) | K10: =B10-$O$14 | N10: En buyuk dusus (g) | O10: =MAX(G2:G503)
A11: 27 | B11: 0.9 | C11: 000 | D11: 0 | E11: =MEDIAN(D2:D31) | F11: =E11 | G11: =F11-E11 | H11: =IF(OR(NOT(ISNUMBER(D11)),ABS(D11-E11)>$O$3,AND($O$11=1,B11<$O$12)),1,0) | I11: =IF(H11=1,NA(),D11) | J11: =IF(AND(ISNUMBER(D11),D11>=$O$4,OR($O$11=0,B11>=$O$12)),1,0) | K11: =B11-$O$14 | N11: Reset tespit edildi mi (1/0) | O11: =IF(O10>$O$8,1,0)
A12: 30 | B12: 1 | C12: 000 | D12: 0 | E12: =MEDIAN(D2:D32) | F12: =E12 | G12: =F12-E12 | H12: =IF(OR(NOT(ISNUMBER(D12)),ABS(D12-E12)>$O$3,AND($O$11=1,B12<$O$12)),1,0) | I12: =IF(H12=1,NA(),D12) | J12: =IF(AND(ISNUMBER(D12),D12>=$O$4,OR($O$11=0,B12>=$O$12)),1,0) | K12: =B12-$O$14 | N12: Reset zamani (s) | O12: =IF(O11=1,INDEX(B2:B503,MATCH(O10,G2:G503,0)),-1000000)
A13: 33 | B13: 1.1 | C13: 00 | D13: 0 | E13: =MEDIAN(D2:D33) | F13: =E13 | G13: =F13-E13 | H13: =IF(OR(NOT(ISNUMBER(D13)),ABS(D13-E13)>$O$3,AND($O$11=1,B13<$O$12)),1,0) | I13: =IF(H13=1,NA(),D13) | J13: =IF(AND(ISNUMBER(D13),D13>=$O$4,OR($O$11=0,B13>=$O$12)),1,0) | K13: =B13-$O$14
A14: 36 | B14: 1.2 | C14: 00 | D14: 0 | E14: =MEDIAN(D2:D34) | F14: =E14 | G14: =F14-E14 | H14: =IF(OR(NOT(ISNUMBER(D14)),ABS(D14-E14)>$O$3,AND($O$11=1,B14<$O$12)),1,0) | I14: =IF(H14=1,NA(),D14) | J14: =IF(AND(ISNUMBER(D14),D14>=$O$4,OR($O$11=0,B14>=$O$12)),1,0) | K14: =B14-$O$14 | N14: Baslangic zamani (s) | O14: =INDEX(B2:B503,MATCH(1,J2:J503,0))
A15: 39 | B15: 1.3 | C15: 000 | D15: 0 | E15: =MEDIAN(D2:D35) | F15: =E15 | G15: =F15-E15 | H15: =IF(OR(NOT(ISNUMBER(D15)),ABS(D15-E15)>$O$3,AND($O$11=1,B15<$O$12)),1,0) | I15: =IF(H15=1,NA(),D15) | J15: =IF(AND(ISNUMBER(D15),D15>=$O$4,OR($O$11=0,B15>=$O$12)),1,0) | K15: =B15-$O$14
A16: 42 | B16: 1.4 | C16: 000 | D16: 0 | E16: =MEDIAN(D2:D36) | F16: =E16 | G16: =F16-E16 | H16: =IF(OR(NOT(ISNUMBER(D16)),ABS(D16-E16)>$O$3,AND($O$11=1,B16<$O$12)),1,0) | I16: =IF(H16=1,NA(),D16) | J16: =IF(AND(ISNUMBER(D16),D16>=$O$4,OR($O$11=0,B16>=$O$12)),1,0) | K16: =B16-$O$14
A17: 45 | B17: 1.5 | C17: 000 | D17: 0 | E17: =MEDIAN(D2:D37) | F17: =E17 | G17: =F17-E17 | H17: =IF(OR(NOT(ISNUMBER(D17)),ABS(D17-E17)>$O$3,AND($O$11=1,B17<$O$12)),1,0) | I17: =IF(H17=1,NA(),D17) | J17: =IF(AND(ISNUMBER(D17),D17>=$O$4,OR($O$11=0,B17>=$O$12)),1,0) | K17: =B17-$O$14
A18: 48 | B18: 1.6 | C18: 08 | D18: 0.08 | E18: =MEDIAN(D2:D38) | F18: =E18 | G18: =F18-E18 | H18: =IF(OR(NOT(ISNUMBER(D18)),ABS(D18-E18)>$O$3,AND($O$11=1,B18<$O$12)),1,0) | I18: =IF(H18=1,NA(),D18) | J18: =IF(AND(ISNUMBER(D18),D18>=$O$4,OR($O$11=0,B18>=$O$12)),1,0) | K18: =B18-$O$14
A19: 51 | B19: 1.7 | C19: 000 | D19: 0 | E19: =MEDIAN(D2:D39) | F19: =E19 | G19: =F19-E19 | H19: =IF(OR(NOT(ISNUMBER(D19)),ABS(D19-E19)>$O$3,AND($O$11=1,B19<$O$12)),1,0) | I19: =IF(H19=1,NA(),D19) | J19: =IF(AND(ISNUMBER(D19),D19>=$O$4,OR($O$11=0,B19>=$O$12)),1,0) | K19: =B19-$O$14
A20: 54 | B20: 1.8 | C20: 00 | D20: 0 | E20: =MEDIAN(D2:D40) | F20: =E20 | G20: =F20-E20 | H20: =IF(OR(NOT(ISNUMBER(D20)),ABS(D20-E20)>$O$3,AND($O$11=1,B20<$O$12)),1,0) | I20: =IF(H20=1,NA(),D20) | J20: =IF(AND(ISNUMBER(D20),D20>=$O$4,OR($O$11=0,B20>=$O$12)),1,0) | K20: =B20-$O$14
A21: 57 | B21: 1.9 | C21: 00 | D21: 0 | E21: =MEDIAN(D2:D41) | F21: =E21 | G21: =F21-E21 | H21: =IF(OR(NOT(ISNUMBER(D21)),ABS(D21-E21)>$O$3,AND($O$11=1,B21<$O$12)),1,0) | I21: =IF(H21=1,NA(),D21) | J21: =IF(AND(ISNUMBER(D21),D21>=$O$4,OR($O$11=0,B21>=$O$12)),1,0) | K21: =B21-$O$14
A22: 60 | B22: 2 | C22: 025 | D22: 0.25 | E22: =MEDIAN(D2:D42) | F22: =E2 | G22: =F22-E22 | H22: =IF(OR(NOT(ISNUMBER(D22)),ABS(D22-E22)>$O$3,AND($O$11=1,B22<$O$12)),1,0) | I22: =IF(H22=1,NA(),D22) | J22: =IF(AND(ISNUMBER(D22),D22>=$O$4,OR($O$11=0,B22>=$O$12)),1,0) | K22: =B22-$O$14
A23: 63 | B23: 2.1 | C23: 053 | D23: 0.53 | E23: =MEDIAN(D3:D43) | F23: =E3 | G23: =F23-E23 | H23: =IF(OR(NOT(ISNUMBER(D23)),ABS(D23-E23)>$O$3,AND($O$11=1,B23<$O$12)),1,0) | I23: =IF(H23=1,NA(),D23) | J23: =IF(AND(ISNUMBER(D23),D23>=$O$4,OR($O$11=0,B23>=$O$12)),1,0) | K23: =B23-$O$14
A24: 66 | B24: 2.2 | C24: 83 | D24: 0.83 | E24: =MEDIAN(D4:D44) | F24: =E4 | G24: =F24-E24 | H24: =IF(OR(NOT(ISNUMBER(D24)),ABS(D24-E24)>$O$3,AND($O$11=1,B24<$O$12)),1,0) | I24: =IF(H24=1,NA(),D24) | J24: =IF(AND(ISNUMBER(D24),D24>=$O$4,OR($O$11=0,B24>=$O$12)),1,0) | K24: =B24-$O$14
A25: 69 | B25: 2.3 | C25: 18 | D25: 0.18 | E25: =MEDIAN(D5:D45) | F25: =E5 | G25: =F25-E25 | H25: =IF(OR(NOT(ISNUMBER(D25)),ABS(D25-E25)>$O$3,AND($O$11=1,B25<$O$12)),1,0) | I25: =IF(H25=1,NA(),D25) | J25: =IF(AND(ISNUMBER(D25),D25>=$O$4,OR($O$11=0,B25>=$O$12)),1,0) | K25: =B25-$O$14
A26: 72 | B26: 2.4 | C26: 155 | D26: 1.55 | E26: =MEDIAN(D6:D46) | F26: =E6 | G26: =F26-E26 | H26: =IF(OR(NOT(ISNUMBER(D26)),ABS(D26-E26)>$O$3,AND($O$11=1,B26<$O$12)),1,0) | I26: =IF(H26=1,NA(),D26) | J26: =IF(AND(ISNUMBER(D26),D26>=$O$4,OR($O$11=0,B26>=$O$12)),1,0) | K26: =B26-$O$14
A27: 75 | B27: 2.5 | C27: ?06 | E27: =MEDIAN(D7:D47) | F27: =E7 | G27: =F27-E27 | H27: =IF(OR(NOT(ISNUMBER(D27)),ABS(D27-E27)>$O$3,AND($O$11=1,B27<$O$12)),1,0) | I27: =IF(H27=1,NA(),D27) | J27: =IF(AND(ISNUMBER(D27),D27>=$O$4,OR($O$11=0,B27>=$O$12)),1,0) | K27: =B27-$O$14
A28: 78 | B28: 2.6 | C28: 255 | D28: 2.55 | E28: =MEDIAN(D8:D48) | F28: =E8 | G28: =F28-E28 | H28: =IF(OR(NOT(ISNUMBER(D28)),ABS(D28-E28)>$O$3,AND($O$11=1,B28<$O$12)),1,0) | I28: =IF(H28=1,NA(),D28) | J28: =IF(AND(ISNUMBER(D28),D28>=$O$4,OR($O$11=0,B28>=$O$12)),1,0) | K28: =B28-$O$14
A29: 81 | B29: 2.7 | C29: 317 | D29: 3.17 | E29: =MEDIAN(D9:D49) | F29: =E9 | G29: =F29-E29 | H29: =IF(OR(NOT(ISNUMBER(D29)),ABS(D29-E29)>$O$3,AND($O$11=1,B29<$O$12)),1,0) | I29: =IF(H29=1,NA(),D29) | J29: =IF(AND(ISNUMBER(D29),D29>=$O$4,OR($O$11=0,B29>=$O$12)),1,0) | K29: =B29-$O$14
A30: 84 | B30: 2.8 | C30: 390 | D30: 3.9 | E30: =MEDIAN(D10:D50) | F30: =E10 | G30: =F30-E30 | H30: =IF(OR(NOT(ISNUMBER(D30)),ABS(D30-E30)>$O$3,AND($O$11=1,B30<$O$12)),1,0) | I30: =IF(H30=1,NA(),D30) | J30: =IF(AND(ISNUMBER(D30),D30>=$O$4,OR($O$11=0,B30>=$O$12)),1,0) | K30: =B30-$O$14
A31: 87 | B31: 2.9 | C31: 446 | D31: 4.46 | E31: =MEDIAN(D11:D51) | F31: =E11 | G31: =F31-E31 | H31: =IF(OR(NOT(ISNUMBER(D31)),ABS(D31-E31)>$O$3,AND($O$11=1,B31<$O$12)),1,0) | I31: =IF(H31=1,NA(),D31) | J31: =IF(AND(ISNUMBER(D31),D31>=$O$4,OR($O$11=0,B31>=$O$12)),1,0) | K31: =B31-$O$14
A32: 90 | B32: 3 | C32: 512 | D32: 5.12 | E32: =MEDIAN(D12:D52) | F32: =E12 | G32: =F32-E32 | H32: =IF(OR(NOT(ISNUMBER(D32)),ABS(D32-E32)>$O$3,AND($O$11=1,B32<$O$12)),1,0) | I32: =IF(H32=1,NA(),D32) | J32: =IF(AND(ISNUMBER(D32),D32>=$O$4,OR($O$11=0,B32>=$O$12)),1,0) | K32: =B32-$O$14
A33: 93 | B33: 3.1 | C33: 75 | D33: 0.75 | E33: =MEDIAN(D13:D53) | F33: =E13 | G33: =F33-E33 | H33: =IF(OR(NOT(ISNUMBER(D33)),ABS(D33-E33)>$O$3,AND($O$11=1,B33<$O$12)),1,0) | I33: =IF(H33=1,NA(),D33) | J33: =IF(AND(ISNUMBER(D33),D33>=$O$4,OR($O$11=0,B33>=$O$12)),1,0) | K33: =B33-$O$14
A34: 96 | B34: 3.2 | C34: 35 | D34: 0.35 | E34: =MEDIAN(D14:D54) | F34: =E14 | G34: =F34-E34 | H34: =IF(OR(NOT(ISNUMBER(D34)),ABS(D34-E34)>$O$3,AND($O$11=1,B34<$O$12)),1,0) | I34: =IF(H34=1,NA(),D34) | J34: =IF(AND(ISNUMBER(D34),D34>=$O$4,OR($O$11=0,B34>=$O$12)),1,0) | K34: =B34-$O$14
A35: 99 | B35: 3.3 | C35: 696 | D35: 6.96 | E35: =MEDIAN(D15:D55) | F35: =E15 | G35: =F35-E35 | H35: =IF(OR(NOT(ISNUMBER(D35)),ABS(D35-E35)>$O$3,AND($O$11=1,B35<$O$12)),1,0) | I35: =IF(H35=1,NA(),D35) | J35: =IF(AND(ISNUMBER(D35),D35>=$O$4,OR($O$11=0,B35>=$O$12)),1,0) | K35: =B35-$O$14
A36: 102 | B36: 3.4 | C36: ?56 | E36: =MEDIAN(D16:D56) | F36: =E16 | G36: =F36-E36 | H36: =IF(OR(NOT(ISNUMBER(D36)),ABS(D36-E36)>$O$3,AND($O$11=1,B36<$O$12)),1,0) | I36: =IF(H36=1,NA(),D36) | J36: =IF(AND(ISNUMBER(D36),D36>=$O$4,OR($O$11=0,B36>=$O$12)),1,0) | K36: =B36-$O$14
A37: 105 | B37: 3.5 | C37: 816 | D37: 8.16 | E37: =MEDIAN(D17:D57) | F37: =E17 | G37: =F37-E37 | H37: =IF(OR(NOT(ISNUMBER(D37)),ABS(D37-E37)>$O$3,AND($O$11=1,B37<$O$12)),1,0) | I37: =IF(H37=1,NA(),D37) | J37: =IF(AND(ISNUMBER(D37),D37>=$O$4,OR($O$11=0,B37>=$O$12)),1,0) | K37: =B37-$O$14
A38: 108 | B38: 3.6 | C38: 75 | D38: 0.75 | E38: =MEDIAN(D18:D58) | F38: =E18 | G38: =F38-E38 | H38: =IF(OR(NOT(ISNUMBER(D38)),ABS(D38-E38)>$O$3,AND($O$11=1,B38<$O$12)),1,0) | I38: =IF(H38=1,NA(),D38) | J38: =IF(AND(ISNUMBER(D38),D38>=$O$4,OR($O$11=0,B38>=$O$12)),1,0) | K38: =B38-$O$14
A39: 111 | B39: 3.7 | C39: 33 | D39: 0.33 | E39: =MEDIAN(D19:D59) | F39: =E19 | G39: =F39-E39 | H39: =IF(OR(NOT(ISNUMBER(D39)),ABS(D39-E39)>$O$3,AND($O$11=1,B39<$O$12)),1,0) | I39: =IF(H39=1,NA(),D39) | J39: =IF(AND(ISNUMBER(D39),D39>=$O$4,OR($O$11=0,B39>=$O$12)),1,0) | K39: =B39-$O$14
A40: 114 | B40: 3.8 | C40: 95 | D40: 0.95 | E40: =MEDIAN(D20:D60) | F40: =E20 | G40: =F40-E40 | H40: =IF(OR(NOT(ISNUMBER(D40)),ABS(D40-E40)>$O$3,AND($O$11=1,B40<$O$12)),1,0) | I40: =IF(H40=1,NA(),D40) | J40: =IF(AND(ISNUMBER(D40),D40>=$O$4,OR($O$11=0,B40>=$O$12)),1,0) | K40: =B40-$O$14
A41: 117 | B41: 3.9 | C41: 046 | D41: 0.46 | E41: =MEDIAN(D21:D61) | F41: =E21 | G41: =F41-E41 | H41: =IF(OR(NOT(ISNUMBER(D41)),ABS(D41-E41)>$O$3,AND($O$11=1,B41<$O$12)),1,0) | I41: =IF(H41=1,NA(),D41) | J41: =IF(AND(ISNUMBER(D41),D41>=$O$4,OR($O$11=0,B41>=$O$12)),1,0) | K41: =B41-$O$14
A42: 120 | B42: 4 | C42: 11 | D42: 0.11 | E42: =MEDIAN(D22:D62) | F42: =E22 | G42: =F42-E42 | H42: =IF(OR(NOT(ISNUMBER(D42)),ABS(D42-E42)>$O$3,AND($O$11=1,B42<$O$12)),1,0) | I42: =IF(H42=1,NA(),D42) | J42: =IF(AND(ISNUMBER(D42),D42>=$O$4,OR($O$11=0,B42>=$O$12)),1,0) | K42: =B42-$O$14
A43: 123 | B43: 4.1 | C43: 1162 | D43: 11.62 | E43: =MEDIAN(D23:D63) | F43: =E23 | G43: =F43-E43 | H43: =IF(OR(NOT(ISNUMBER(D43)),ABS(D43-E43)>$O$3,AND($O$11=1,B43<$O$12)),1,0) | I43: =IF(H43=1,NA(),D43) | J43: =IF(AND(ISNUMBER(D43),D43>=$O$4,OR($O$11=0,B43>=$O$12)),1,0) | K43: =B43-$O$14
A44: 126 | B44: 4.2 | C44: 16 | D44: 0.16 | E44: =MEDIAN(D24:D64) | F44: =E24 | G44: =F44-E44 | H44: =IF(OR(NOT(ISNUMBER(D44)),ABS(D44-E44)>$O$3,AND($O$11=1,B44<$O$12)),1,0) | I44: =IF(H44=1,NA(),D44) | J44: =IF(AND(ISNUMBER(D44),D44>=$O$4,OR($O$11=0,B44>=$O$12)),1,0) | K44: =B44-$O$14
A45: 129 | B45: 4.3 | C45: 175 | D45: 1.75 | E45: =MEDIAN(D25:D65) | F45: =E25 | G45: =F45-E45 | H45: =IF(OR(NOT(ISNUMBER(D45)),ABS(D45-E45)>$O$3,AND($O$11=1,B45<$O$12)),1,0) | I45: =IF(H45=1,NA(),D45) | J45: =IF(AND(ISNUMBER(D45),D45>=$O$4,OR($O$11=0,B45>=$O$12)),1,0) | K45: =B45-$O$14
A46: 132 | B46: 4.4 | C46: 126 | D46: 1.26 | E46: =MEDIAN(D26:D66) | F46: =E26 | G46: =F46-E46 | H46: =IF(OR(NOT(ISNUMBER(D46)),ABS(D46-E46)>$O$3,AND($O$11=1,B46<$O$12)),1,0) | I46: =IF(H46=1,NA(),D46) | J46: =IF(AND(ISNUMBER(D46),D46>=$O$4,OR($O$11=0,B46>=$O$12)),1,0) | K46: =B46-$O$14
A47: 135 | B47: 4.5 | C47: 183 | D47: 1.83 | E47: =MEDIAN(D27:D67) | F47: =E27 | G47: =F47-E47 | H47: =IF(OR(NOT(ISNUMBER(D47)),ABS(D47-E47)>$O$3,AND($O$11=1,B47<$O$12)),1,0) | I47: =IF(H47=1,NA(),D47) | J47: =IF(AND(ISNUMBER(D47),D47>=$O$4,OR($O$11=0,B47>=$O$12)),1,0) | K47: =B47-$O$14
A48: 138 | B48: 4.6 | C48: 47 | D48: 0.47 | E48: =MEDIAN(D28:D68) | F48: =E28 | G48: =F48-E48 | H48: =IF(OR(NOT(ISNUMBER(D48)),ABS(D48-E48)>$O$3,AND($O$11=1,B48<$O$12)),1,0) | I48: =IF(H48=1,NA(),D48) | J48: =IF(AND(ISNUMBER(D48),D48>=$O$4,OR($O$11=0,B48>=$O$12)),1,0) | K48: =B48-$O$14
... A52: 150 | B52: 5 | C52: 46 | D52: 0.46 | E52: =MEDIAN(D32:D72) | F52: =E32 | G52: =F52-E52 | H52: =IF(OR(NOT(ISNUMBER(D52)),ABS(D52-E52)>$O$3,AND($O$11=1,B52<$O$12)),1,0) | I52: =IF(H52=1,NA(),D52) | J52: =IF(AND(ISNUMBER(D52),D52>=$O$4,OR($O$11=0,B52>=$O$12)),1,0) | K52: =B52-$O$14
A53: 153 | B53: 5.1 | C53: 1?00 | E53: =MEDIAN(D33:D73) | F53: =E33 | G53: =F53-E53 | H53: =IF(OR(NOT(ISNUMBER(D53)),ABS(D53-E53)>$O$3,AND($O$11=1,B53<$O$12)),1,0) | I53: =IF(H53=1,NA(),D53) | J53: =IF(AND(ISNUMBER(D53),D53>=$O$4,OR($O$11=0,B53>=$O$12)),1,0) | K53: =B53-$O$14
A54: 156 | B54: 5.2 | C54: 1150 | D54: 11.5 | E54: =MEDIAN(D34:D74) | F54: =E34 | G54: =F54-E54 | H54: =IF(OR(NOT(ISNUMBER(D54)),ABS(D54-E54)>$O$3,AND($O$11=1,B54<$O$12)),1,0) | I54: =IF(H54=1,NA(),D54) | J54: =IF(AND(ISNUMBER(D54),D54>=$O$4,OR($O$11=0,B54>=$O$12)),1,0) | K54: =B54-$O$14
A55: 159 | B55: 5.3 | C55: 1800 | D55: 18 | E55: =MEDIAN(D35:D75) | F55: =E35 | G55: =F55-E55 | H55: =IF(OR(NOT(ISNUMBER(D55)),ABS(D55-E55)>$O$3,AND($O$11=1,B55<$O$12)),1,0) | I55: =IF(H55=1,NA(),D55) | J55: =IF(AND(ISNUMBER(D55),D55>=$O$4,OR($O$11=0,B55>=$O$12)),1,0) | K55: =B55-$O$14
A56: 162 | B56: 5.4 | C56: 1845 | D56: 18.45 | E56: =MEDIAN(D36:D76) | F56: =E36 | G56: =F56-E56 | H56: =IF(OR(NOT(ISNUMBER(D56)),ABS(D56-E56)>$O$3,AND($O$11=1,B56<$O$12)),1,0) | I56: =IF(H56=1,NA(),D56) | J56: =IF(AND(ISNUMBER(D56),D56>=$O$4,OR($O$11=0,B56>=$O$12)),1,0) | K56: =B56-$O$14
A57: 165 | B57: 5.5 | C57: 1896 | D57: 18.96 | E57: =MEDIAN(D37:D77) | F57: =E37 | G57: =F57-E57 | H57: =IF(OR(NOT(ISNUMBER(D57)),ABS(D57-E57)>$O$3,AND($O$11=1,B57<$O$12)),1,0) | I57: =IF(H57=1,NA(),D57) | J57: =IF(AND(ISNUMBER(D57),D57>=$O$4,OR($O$11=0,B57>=$O$12)),1,0) | K57: =B57-$O$14
A58: 168 | B58: 5.6 | C58: 1445 | D58: 14.45 | E58: =MEDIAN(D38:D78) | F58: =E38 | G58: =F58-E58 | H58: =IF(OR(NOT(ISNUMBER(D58)),ABS(D58-E58)>$O$3,AND($O$11=1,B58<$O$12)),1,0) | I58: =IF(H58=1,NA(),D58) | J58: =IF(AND(ISNUMBER(D58),D58>=$O$4,OR($O$11=0,B58>=$O$12)),1,0) | K58: =B58-$O$14
A59: 171 | B59: 5.7 | C59: 93 | D59: 0.93 | E59: =MEDIAN(D39:D79) | F59: =E39 | G59: =F59-E59 | H59: =IF(OR(NOT(ISNUMBER(D59)),ABS(D59-E59)>$O$3,AND($O$11=1,B59<$O$12)),1,0) | I59: =IF(H59=1,NA(),D59) | J59: =IF(AND(ISNUMBER(D59),D59>=$O$4,OR($O$11=0,B59>=$O$12)),1,0) | K59: =B59-$O$14
A60: 174 | B60: 5.8 | C60: 36 | D60: 0.36 | E60: =MEDIAN(D40:D80) | F60: =E40 | G60: =F60-E60 | H60: =IF(OR(NOT(ISNUMBER(D60)),ABS(D60-E60)>$O$3,AND($O$11=1,B60<$O$12)),1,0) | I60: =IF(H60=1,NA(),D60) | J60: =IF(AND(ISNUMBER(D60),D60>=$O$4,OR($O$11=0,B60>=$O$12)),1,0) | K60: =B60-$O$14
A61: 177 | B61: 5.9 | C61: 285 | D61: 2.85 | E61: =MEDIAN(D41:D81) | F61: =E41 | G61: =F61-E61 | H61: =IF(OR(NOT(ISNUMBER(D61)),ABS(D61-E61)>$O$3,AND($O$11=1,B61<$O$12)),1,0) | I61: =IF(H61=1,NA(),D61) | J61: =IF(AND(ISNUMBER(D61),D61>=$O$4,OR($O$11=0,B61>=$O$12)),1,0) | K61: =B61-$O$14
A62: 180 | B62: 6 | C62: 210 | D62: 2.1 | E62: =MEDIAN(D42:D82) | F62: =E42 | G62: =F62-E62 | H62: =IF(OR(NOT(ISNUMBER(D62)),ABS(D62-E62)>$O$3,AND($O$11=1,B62<$O$12)),1,0) | I62: =IF(H62=1,NA(),D62) | J62: =IF(AND(ISNUMBER(D62),D62>=$O$4,OR($O$11=0,B62>=$O$12)),1,0) | K62: =B62-$O$14
A63: 183 | B63: 6.1 | C63: 2175 | D63: 21.75 | E63: =MEDIAN(D43:D83) | F63: =E43 | G63: =F63-E63 | H63: =IF(OR(NOT(ISNUMBER(D63)),ABS(D63-E63)>$O$3,AND($O$11=1,B63<$O$12)),1,0) | I63: =IF(H63=1,NA(),D63) | J63: =IF(AND(ISNUMBER(D63),D63>=$O$4,OR($O$11=0,B63>=$O$12)),1,0) | K63: =B63-$O$14
A64: 186 | B64: 6.2 | C64: 215 | D64: 2.15 | E64: =MEDIAN(D44:D84) | F64: =E44 | G64: =F64-E64 | H64: =IF(OR(NOT(ISNUMBER(D64)),ABS(D64-E64)>$O$3,AND($O$11=1,B64<$O$12)),1,0) | I64: =IF(H64=1,NA(),D64) | J64: =IF(AND(ISNUMBER(D64),D64>=$O$4,OR($O$11=0,B64>=$O$12)),1,0) | K64: =B64-$O$14
A65: 189 | B65: 6.3 | C65: 2263 | D65: 22.63 | E65: =MEDIAN(D45:D85) | F65: =E45 | G65: =F65-E65 | H65: =IF(OR(NOT(ISNUMBER(D65)),ABS(D65-E65)>$O$3,AND($O$11=1,B65<$O$12)),1,0) | I65: =IF(H65=1,NA(),D65) | J65: =IF(AND(ISNUMBER(D65),D65>=$O$4,OR($O$11=0,B65>=$O$12)),1,0) | K65: =B65-$O$14
... A77: 225 | B77: 7.5 | C77: 213 | D77: 2.13 | E77: =MEDIAN(D57:D97) | F77: =E57 | G77: =F77-E77 | H77: =IF(OR(NOT(ISNUMBER(D77)),ABS(D77-E77)>$O$3,AND($O$11=1,B77<$O$12)),1,0) | I77: =IF(H77=1,NA(),D77) | J77: =IF(AND(ISNUMBER(D77),D77>=$O$4,OR($O$11=0,B77>=$O$12)),1,0) | K77: =B77-$O$14
A78: 228 | B78: 7.6 | C78: 2?85 | E78: =MEDIAN(D58:D98) | F78: =E58 | G78: =F78-E78 | H78: =IF(OR(NOT(ISNUMBER(D78)),ABS(D78-E78)>$O$3,AND($O$11=1,B78<$O$12)),1,0) | I78: =IF(H78=1,NA(),D78) | J78: =IF(AND(ISNUMBER(D78),D78>=$O$4,OR($O$11=0,B78>=$O$12)),1,0) | K78: =B78-$O$14
A79: 231 | B79: 7.7 | C79: 25 | D79: 0.25 | E79: =MEDIAN(D59:D99) | F79: =E59 | G79: =F79-E79 | H79: =IF(OR(NOT(ISNUMBER(D79)),ABS(D79-E79)>$O$3,AND($O$11=1,B79<$O$12)),1,0) | I79: =IF(H79=1,NA(),D79) | J79: =IF(AND(ISNUMBER(D79),D79>=$O$4,OR($O$11=0,B79>=$O$12)),1,0) | K79: =B79-$O$14
A80: 234 | B80: 7.8 | C80: 65 | D80: 0.65 | E80: =MEDIAN(D60:D100) | F80: =E60 | G80: =F80-E80 | H80: =IF(OR(NOT(ISNUMBER(D80)),ABS(D80-E80)>$O$3,AND($O$11=1,B80<$O$12)),1,0) | I80: =IF(H80=1,NA(),D80) | J80: =IF(AND(ISNUMBER(D80),D80>=$O$4,OR($O$11=0,B80>=$O$12)),1,0) | K80: =B80-$O$14
A81: 237 | B81: 7.9 | C81: 95 | D81: 0.95 | E81: =MEDIAN(D61:D101) | F81: =E61 | G81: =F81-E81 | H81: =IF(OR(NOT(ISNUMBER(D81)),ABS(D81-E81)>$O$3,AND($O$11=1,B81<$O$12)),1,0) | I81: =IF(H81=1,NA(),D81) | J81: =IF(AND(ISNUMBER(D81),D81>=$O$4,OR($O$11=0,B81>=$O$12)),1,0) | K81: =B81-$O$14
A82: 240 | B82: 8 | C82: 30 | D82: 0.3 | E82: =MEDIAN(D62:D102) | F82: =E62 | G82: =F82-E82 | H82: =IF(OR(NOT(ISNUMBER(D82)),ABS(D82-E82)>$O$3,AND($O$11=1,B82<$O$12)),1,0) | I82: =IF(H82=1,NA(),D82) | J82: =IF(AND(ISNUMBER(D82),D82>=$O$4,OR($O$11=0,B82>=$O$12)),1,0) | K82: =B82-$O$14
A83: 243 | B83: 8.1 | C83: 3 | D83: 0.03 | E83: =MEDIAN(D63:D103) | F83: =E63 | G83: =F83-E83 | H83: =IF(OR(NOT(ISNUMBER(D83)),ABS(D83-E83)>$O$3,AND($O$11=1,B83<$O$12)),1,0) | I83: =IF(H83=1,NA(),D83) | J83: =IF(AND(ISNUMBER(D83),D83>=$O$4,OR($O$11=0,B83>=$O$12)),1,0) | K83: =B83-$O$14
A84: 246 | B84: 8.2 | C84: 27 | D84: 0.27 | E84: =MEDIAN(D64:D104) | F84: =E64 | G84: =F84-E84 | H84: =IF(OR(NOT(ISNUMBER(D84)),ABS(D84-E84)>$O$3,AND($O$11=1,B84<$O$12)),1,0) | I84: =IF(H84=1,NA(),D84) | J84: =IF(AND(ISNUMBER(D84),D84>=$O$4,OR($O$11=0,B84>=$O$12)),1,0) | K84: =B84-$O$14
A85: 249 | B85: 8.3 | C85: 35 | D85: 0.35 | E85: =MEDIAN(D65:D105) | F85: =E65 | G85: =F85-E85 | H85: =IF(OR(NOT(ISNUMBER(D85)),ABS(D85-E85)>$O$3,AND($O$11=1,B85<$O$12)),1,0) | I85: =IF(H85=1,NA(),D85) | J85: =IF(AND(ISNUMBER(D85),D85>=$O$4,OR($O$11=0,B85>=$O$12)),1,0) | K85: =B85-$O$14
A86: 252 | B86: 8.4 | C86: 355 | D86: 3.55 | E86: =MEDIAN(D66:D106) | F86: =E66 | G86: =F86-E86 | H86: =IF(OR(NOT(ISNUMBER(D86)),ABS(D86-E86)>$O$3,AND($O$11=1,B86<$O$12)),1,0) | I86: =IF(H86=1,NA(),D86) | J86: =IF(AND(ISNUMBER(D86),D86>=$O$4,OR($O$11=0,B86>=$O$12)),1,0) | K86: =B86-$O$14
A87: 255 | B87: 8.5 | C87: 3096 | D87: 30.96 | E87: =MEDIAN(D67:D107) | F87: =E67 | G87: =F87-E87 | H87: =IF(OR(NOT(ISNUMBER(D87)),ABS(D87-E87)>$O$3,AND($O$11=1,B87<$O$12)),1,0) | I87: =IF(H87=1,NA(),D87) | J87: =IF(AND(ISNUMBER(D87),D87>=$O$4,OR($O$11=0,B87>=$O$12)),1,0) | K87: =B87-$O$14
A88: 258 | B88: 8.6 | C88: 315 | D88: 3.15 | E88: =MEDIAN(D68:D108) | F88: =E68 | G88: =F88-E88 | H88: =IF(OR(NOT(ISNUMBER(D88)),ABS(D88-E88)>$O$3,AND($O$11=1,B88<$O$12)),1,0) | I88: =IF(H88=1,NA(),D88) | J88: =IF(AND(ISNUMBER(D88),D88>=$O$4,OR($O$11=0,B88>=$O$12)),1,0) | K88: =B88-$O$14
A89: 261 | B89: 8.7 | C89: 318? | E89: =MEDIAN(D69:D109) | F89: =E69 | G89: =F89-E89 | H89: =IF(OR(NOT(ISNUMBER(D89)),ABS(D89-E89)>$O$3,AND($O$11=1,B89<$O$12)),1,0) | I89: =IF(H89=1,NA(),D89) | J89: =IF(AND(ISNUMBER(D89),D89>=$O$4,OR($O$11=0,B89>=$O$12)),1,0) | K89: =B89-$O$14
A90: 264 | B90: 8.8 | C90: 319? | E90: =MEDIAN(D70:D110) | F90: =E70 | G90: =F90-E90 | H90: =IF(OR(NOT(ISNUMBER(D90)),ABS(D90-E90)>$O$3,AND($O$11=1,B90<$O$12)),1,0) | I90: =IF(H90=1,NA(),D90) | J90: =IF(AND(ISNUMBER(D90),D90>=$O$4,OR($O$11=0,B90>=$O$12)),1,0) | K90: =B90-$O$14
A91: 267 | B91: 8.9 | E91: =MEDIAN(D71:D111) | F91: =E71 | G91: =F91-E91 | H91: =IF(OR(NOT(ISNUMBER(D91)),ABS(D91-E91)>$O$3,AND($O$11=1,B91<$O$12)),1,0) | I91: =IF(H91=1,NA(),D91) | J91: =IF(AND(ISNUMBER(D91),D91>=$O$4,OR($O$11=0,B91>=$O$12)),1,0) | K91: =B91-$O$14
A92: 270 | B92: 9 | C92: 9? | E92: =MEDIAN(D72:D112) | F92: =E72 | G92: =F92-E92 | H92: =IF(OR(NOT(ISNUMBER(D92)),ABS(D92-E92)>$O$3,AND($O$11=1,B92<$O$12)),1,0) | I92: =IF(H92=1,NA(),D92) | J92: =IF(AND(ISNUMBER(D92),D92>=$O$4,OR($O$11=0,B92>=$O$12)),1,0) | K92: =B92-$O$14
A93: 273 | B93: 9.1 | E93: =MEDIAN(D73:D113) | F93: =E73 | G93: =F93-E93 | H93: =IF(OR(NOT(ISNUMBER(D93)),ABS(D93-E93)>$O$3,AND($O$11=1,B93<$O$12)),1,0) | I93: =IF(H93=1,NA(),D93) | J93: =IF(AND(ISNUMBER(D93),D93>=$O$4,OR($O$11=0,B93>=$O$12)),1,0) | K93: =B93-$O$14
A94: 276 | B94: 9.2 | C94: 30 | D94: 0.3 | E94: =MEDIAN(D74:D114) | F94: =E74 | G94: =F94-E94 | H94: =IF(OR(NOT(ISNUMBER(D94)),ABS(D94-E94)>$O$3,AND($O$11=1,B94<$O$12)),1,0) | I94: =IF(H94=1,NA(),D94) | J94: =IF(AND(ISNUMBER(D94),D94>=$O$4,OR($O$11=0,B94>=$O$12)),1,0) | K94: =B94-$O$14
A95: 279 | B95: 9.3 | C95: 35? | E95: =MEDIAN(D75:D115) | F95: =E75 | G95: =F95-E95 | H95: =IF(OR(NOT(ISNUMBER(D95)),ABS(D95-E95)>$O$3,AND($O$11=1,B95<$O$12)),1,0) | I95: =IF(H95=1,NA(),D95) | J95: =IF(AND(ISNUMBER(D95),D95>=$O$4,OR($O$11=0,B95>=$O$12)),1,0) | K95: =B95-$O$14
A96: 282 | B96: 9.4 | C96: 382 | D96: 3.82 | E96: =MEDIAN(D76:D116) | F96: =E76 | G96: =F96-E96 | H96: =IF(OR(NOT(ISNUMBER(D96)),ABS(D96-E96)>$O$3,AND($O$11=1,B96<$O$12)),1,0) | I96: =IF(H96=1,NA(),D96) | J96: =IF(AND(ISNUMBER(D96),D96>=$O$4,OR($O$11=0,B96>=$O$12)),1,0) | K96: =B96-$O$14
A97: 285 | B97: 9.5 | C97: 3442 | D97: 34.42 | E97: =MEDIAN(D77:D117) | F97: =E77 | G97: =F97-E97 | H97: =IF(OR(NOT(ISNUMBER(D97)),ABS(D97-E97)>$O$3,AND($O$11=1,B97<$O$12)),1,0) | I97: =IF(H97=1,NA(),D97) | J97: =IF(AND(ISNUMBER(D97),D97>=$O$4,OR($O$11=0,B97>=$O$12)),1,0) | K97: =B97-$O$14
A98: 288 | B98: 9.6 | C98: 3443 | D98: 34.43 | E98: =MEDIAN(D78:D118) | F98: =E78 | G98: =F98-E98 | H98: =IF(OR(NOT(ISNUMBER(D98)),ABS(D98-E98)>$O$3,AND($O$11=1,B98<$O$12)),1,0) | I98: =IF(H98=1,NA(),D98) | J98: =IF(AND(ISNUMBER(D98),D98>=$O$4,OR($O$11=0,B98>=$O$12)),1,0) | K98: =B98-$O$14
A99: 291 | B99: 9.7 | C99: 73 | D99: 0.73 | E99: =MEDIAN(D79:D119) | F99: =E79 | G99: =F99-E99 | H99: =IF(OR(NOT(ISNUMBER(D99)),ABS(D99-E99)>$O$3,AND($O$11=1,B99<$O$12)),1,0) | I99: =IF(H99=1,NA(),D99) | J99: =IF(AND(ISNUMBER(D99),D99>=$O$4,OR($O$11=0,B99>=$O$12)),1,0) | K99: =B99-$O$14
A100: 294 | B100: 9.8 | C100: 02 | D100: 0.02 | E100: =MEDIAN(D80:D120) | F100: =E80 | G100: =F100-E100 | H100: =IF(OR(NOT(ISNUMBER(D100)),ABS(D100-E100)>$O$3,AND($O$11=1,B100<$O$12)),1,0) | I100: =IF(H100=1,NA(),D100) | J100: =IF(AND(ISNUMBER(D100),D100>=$O$4,OR($O$11=0,B100>=$O$12)),1,0) | K100: =B100-$O$14
A101: 297 | B101: 9.9 | C101: 396 | D101: 3.96 | E101: =MEDIAN(D81:D121) | F101: =E81 | G101: =F101-E101 | H101: =IF(OR(NOT(ISNUMBER(D101)),ABS(D101-E101)>$O$3,AND($O$11=1,B101<$O$12)),1,0) | I101: =IF(H101=1,NA(),D101) | J101: =IF(AND(ISNUMBER(D101),D101>=$O$4,OR($O$11=0,B101>=$O$12)),1,0) | K101: =B101-$O$14
A102: 300 | B102: 10 | C102: 359? | E102: =MEDIAN(D82:D122) | F102: =E82 | G102: =F102-E102 | H102: =IF(OR(NOT(ISNUMBER(D102)),ABS(D102-E102)>$O$3,AND($O$11=1,B102<$O$12)),1,0) | I102: =IF(H102=1,NA(),D102) | J102: =IF(AND(ISNUMBER(D102),D102>=$O$4,OR($O$11=0,B102>=$O$12)),1,0) | K102: =B102-$O$14
A103: 303 | B103: 10.1 | C103: 3590 | D103: 35.9 | E103: =MEDIAN(D83:D123) | F103: =E83 | G103: =F103-E103 | H103: =IF(OR(NOT(ISNUMBER(D103)),ABS(D103-E103)>$O$3,AND($O$11=1,B103<$O$12)),1,0) | I103: =IF(H103=1,NA(),D103) | J103: =IF(AND(ISNUMBER(D103),D103>=$O$4,OR($O$11=0,B103>=$O$12)),1,0) | K103: =B103-$O$14
A104: 306 | B104: 10.2 | C104: 96 | D104: 0.96 | E104: =MEDIAN(D84:D124) | F104: =E84 | G104: =F104-E104 | H104: =IF(OR(NOT(ISNUMBER(D104)),ABS(D104-E104)>$O$3,AND($O$11=1,B104<$O$12)),1,0) | I104: =IF(H104=1,NA(),D104) | J104: =IF(AND(ISNUMBER(D104),D104>=$O$4,OR($O$11=0,B104>=$O$12)),1,0) | K104: =B104-$O$14
A105: 309 | B105: 10.3 | C105: 346 | D105: 3.46 | E105: =MEDIAN(D85:D125) | F105: =E85 | G105: =F105-E105 | H105: =IF(OR(NOT(ISNUMBER(D105)),ABS(D105-E105)>$O$3,AND($O$11=1,B105<$O$12)),1,0) | I105: =IF(H105=1,NA(),D105) | J105: =IF(AND(ISNUMBER(D105),D105>=$O$4,OR($O$11=0,B105>=$O$12)),1,0) | K105: =B105-$O$14
A106: 312 | B106: 10.4 | C106: 376 | D106: 3.76 | E106: =MEDIAN(D86:D126) | F106: =E86 | G106: =F106-E106 | H106: =IF(OR(NOT(ISNUMBER(D106)),ABS(D106-E106)>$O$3,AND($O$11=1,B106<$O$12)),1,0) | I106: =IF(H106=1,NA(),D106) | J106: =IF(AND(ISNUMBER(D106),D106>=$O$4,OR($O$11=0,B106>=$O$12)),1,0) | K106: =B106-$O$14
A107: 315 | B107: 10.5 | C107: 375 | D107: 3.75 | E107: =MEDIAN(D87:D127) | F107: =E87 | G107: =F107-E107 | H107: =IF(OR(NOT(ISNUMBER(D107)),ABS(D107-E107)>$O$3,AND($O$11=1,B107<$O$12)),1,0) | I107: =IF(H107=1,NA(),D107) | J107: =IF(AND(ISNUMBER(D107),D107>=$O$4,OR($O$11=0,B107>=$O$12)),1,0) | K107: =B107-$O$14
A108: 318 | B108: 10.6 | C108: 37 | D108: 0.37 | E108: =MEDIAN(D88:D128) | F108: =E88 | G108: =F108-E108 | H108: =IF(OR(NOT(ISNUMBER(D108)),ABS(D108-E108)>$O$3,AND($O$11=1,B108<$O$12)),1,0) | I108: =IF(H108=1,NA(),D108) | J108: =IF(AND(ISNUMBER(D108),D108>=$O$4,OR($O$11=0,B108>=$O$12)),1,0) | K108: =B108-$O$14
A109: 321 | B109: 10.7 | C109: 3195 | D109: 31.95 | E109: =MEDIAN(D89:D129) | F109: =E89 | G109: =F109-E109 | H109: =IF(OR(NOT(ISNUMBER(D109)),ABS(D109-E109)>$O$3,AND($O$11=1,B109<$O$12)),1,0) | I109: =IF(H109=1,NA(),D109) | J109: =IF(AND(ISNUMBER(D109),D109>=$O$4,OR($O$11=0,B109>=$O$12)),1,0) | K109: =B109-$O$14
A110: 324 | B110: 10.8 | C110: 45 | D110: 0.45 | E110: =MEDIAN(D90:D130) | F110: =E90 | G110: =F110-E110 | H110: =IF(OR(NOT(ISNUMBER(D110)),ABS(D110-E110)>$O$3,AND($O$11=1,B110<$O$12)),1,0) | I110: =IF(H110=1,NA(),D110) | J110: =IF(AND(ISNUMBER(D110),D110>=$O$4,OR($O$11=0,B110>=$O$12)),1,0) | K110: =B110-$O$14
A111: 327 | B111: 10.9 | E111: =MEDIAN(D91:D131) | F111: =E91 | G111: =F111-E111 | H111: =IF(OR(NOT(ISNUMBER(D111)),ABS(D111-E111)>$O$3,AND($O$11=1,B111<$O$12)),1,0) | I111: =IF(H111=1,NA(),D111) | J111: =IF(AND(ISNUMBER(D111),D111>=$O$4,OR($O$11=0,B111>=$O$12)),1,0) | K111: =B111-$O$14
A112: 330 | B112: 11 | E112: =MEDIAN(D92:D132) | F112: =E92 | G112: =F112-E112 | H112: =IF(OR(NOT(ISNUMBER(D112)),ABS(D112-E112)>$O$3,AND($O$11=1,B112<$O$12)),1,0) | I112: =IF(H112=1,NA(),D112) | J112: =IF(AND(ISNUMBER(D112),D112>=$O$4,OR($O$11=0,B112>=$O$12)),1,0) | K112: =B112-$O$14
A113: 333 | B113: 11.1 | C113: 3885 | D113: 38.85 | E113: =MEDIAN(D93:D133) | F113: =E93 | G113: =F113-E113 | H113: =IF(OR(NOT(ISNUMBER(D113)),ABS(D113-E113)>$O$3,AND($O$11=1,B113<$O$12)),1,0) | I113: =IF(H113=1,NA(),D113) | J113: =IF(AND(ISNUMBER(D113),D113>=$O$4,OR($O$11=0,B113>=$O$12)),1,0) | K113: =B113-$O$14
A114: 336 | B114: 11.2 | C114: 385 | D114: 3.85 | E114: =MEDIAN(D94:D134) | F114: =E94 | G114: =F114-E114 | H114: =IF(OR(NOT(ISNUMBER(D114)),ABS(D114-E114)>$O$3,AND($O$11=1,B114<$O$12)),1,0) | I114: =IF(H114=1,NA(),D114) | J114: =IF(AND(ISNUMBER(D114),D114>=$O$4,OR($O$11=0,B114>=$O$12)),1,0) | K114: =B114-$O$14
...

Sheet Hacim
A1: time_corrected_s | B1: remaining_volume_mL
A2: =Sheet1!K2 | B2: =IF(ISNA(Sheet1!I2),NA(),Sheet1!$O$5-(Sheet1!I2/Sheet1!$O$6))
A3: =Sheet1!K3 | B3: =IF(ISNA(Sheet1!I3),NA(),Sheet1!$O$5-(Sheet1!I3/Sheet1!$O$6))
A4: =Sheet1!K4 | B4: =IF(ISNA(Sheet1!I4),NA(),Sheet1!$O$5-(Sheet1!I4/Sheet1!$O$6))
A5: =Sheet1!K5 | B5: =IF(ISNA(Sheet1!I5),NA(),Sheet1!$O$5-(Sheet1!I5/Sheet1!$O$6))
A6: =Sheet1!K6 | B6: =IF(ISNA(Sheet1!I6),NA(),Sheet1!$O$5-(Sheet1!I6/Sheet1!$O$6))
A7: =Sheet1!K7 | B7: =IF(ISNA(Sheet1!I7),NA(),Sheet1!$O$5-(Sheet1!I7/Sheet1!$O$6))
A8: =Sheet1!K8 | B8: =IF(ISNA(Sheet1!I8),NA(),Sheet1!$O$5-(Sheet1!I8/Sheet1!$O$6))
A9: =Sheet1!K9 | B9: =IF(ISNA(Sheet1!I9),NA(),Sheet1!$O$5-(Sheet1!I9/Sheet1!$O$6))
A10: =Sheet1!K10 | B10: =IF(ISNA(Sheet1!I10),NA(),Sheet1!$O$5-(Sheet1!I10/Sheet1!$O$6))
A11: =Sheet1!K11 | B11: =IF(ISNA(Sheet1!I11),NA(),Sheet1!$O$5-(Sheet1!I11/Sheet1!$O$6))
A12: =Sheet1!K12 | B12: =IF(ISNA(Sheet1!I12),NA(),Sheet1!$O$5-(Sheet1!I12/Sheet1!$O$6))
A13: =Sheet1!K13 | B13: =IF(ISNA(Sheet1!I13),NA(),Sheet1!$O$5-(Sheet1!I13/Sheet1!$O$6))
... A503: =Sheet1!K503 | B503: =IF(ISNA(Sheet1!I503),NA(),Sheet1!$O$5-(Sheet1!I503/Sheet1!$O$6))
