Workbook

Sheet Sheet1
A1: frame_no | B1: timestamp_sec | C1: raw_digits | D1: weight | E1: local_median_g | F1: excluded | G1: weight_kept_g | H1: is_started | I1: time_corrected_s | N1: Parametreler
A2: 0 | B2: 0 | C2: 000 | D2: 0 | E2: =IFERROR(MEDIAN(D2:D22),D2) | F2: =IF(OR(NOT(ISNUMBER(D2)),ABS(D2-E2)>$O$3),1,0) | G2: =IF(F2=1,NA(),D2) | H2: =IF(AND(ISNUMBER(D2),D2>=$O$4),1,0) | I2: =B2-$O$8 | N2: Medyan penceresi (satir, her yonde) | O2: 20
A3: 3 | B3: 0.1 | C3: 000 | D3: 0 | E3: =IFERROR(MEDIAN(D2:D23),D3) | F3: =IF(OR(NOT(ISNUMBER(D3)),ABS(D3-E3)>$O$3),1,0) | G3: =IF(F3=1,NA(),D3) | H3: =IF(AND(ISNUMBER(D3),D3>=$O$4),1,0) | I3: =B3-$O$8 | N3: Disleme toleransi (g) | O3: 0.15
A4: 6 | B4: 0.2 | C4: 000 | D4: 0 | E4: =IFERROR(MEDIAN(D2:D24),D4) | F4: =IF(OR(NOT(ISNUMBER(D4)),ABS(D4-E4)>$O$3),1,0) | G4: =IF(F4=1,NA(),D4) | H4: =IF(AND(ISNUMBER(D4),D4>=$O$4),1,0) | I4: =B4-$O$8 | N4: Baslangic esigi (g) | O4: 0.05
A5: 9 | B5: 0.3 | C5: 000 | D5: 0 | E5: =IFERROR(MEDIAN(D2:D25),D5) | F5: =IF(OR(NOT(ISNUMBER(D5)),ABS(D5-E5)>$O$3),1,0) | G5: =IF(F5=1,NA(),D5) | H5: =IF(AND(ISNUMBER(D5),D5>=$O$4),1,0) | I5: =B5-$O$8 | N5: Siringa hacmi (mL) | O5: 10
A6: 12 | B6: 0.4 | C6: 000 | D6: 0 | E6: =IFERROR(MEDIAN(D2:D26),D6) | F6: =IF(OR(NOT(ISNUMBER(D6)),ABS(D6-E6)>$O$3),1,0) | G6: =IF(F6=1,NA(),D6) | H6: =IF(AND(ISNUMBER(D6),D6>=$O$4),1,0) | I6: =B6-$O$8 | N6: Yogunluk (g/mL) | O6: 1
A7: 15 | B7: 0.5 | C7: 000 | D7: 0 | E7: =IFERROR(MEDIAN(D2:D27),D7) | F7: =IF(OR(NOT(ISNUMBER(D7)),ABS(D7-E7)>$O$3),1,0) | G7: =IF(F7=1,NA(),D7) | H7: =IF(AND(ISNUMBER(D7),D7>=$O$4),1,0) | I7: =B7-$O$8
A8: 18 | B8: 0.6 | C8: 000 | D8: 0 | E8: =IFERROR(MEDIAN(D2:D28),D8) | F8: =IF(OR(NOT(ISNUMBER(D8)),ABS(D8-E8)>$O$3),1,0) | G8: =IF(F8=1,NA(),D8) | H8: =IF(AND(ISNUMBER(D8),D8>=$O$4),1,0) | I8: =B8-$O$8 | N8: Baslangic zamani (s) | O8: =IFERROR(INDEX(B2:B302,MATCH(1,H2:H302,0)),0)
A9: 21 | B9: 0.7 | C9: 000 | D9: 0 | E9: =IFERROR(MEDIAN(D2:D29),D9) | F9: =IF(OR(NOT(ISNUMBER(D9)),ABS(D9-E9)>$O$3),1,0) | G9: =IF(F9=1,NA(),D9) | H9: =IF(AND(ISNUMBER(D9),D9>=$O$4),1,0) | I9: =B9-$O$8
A10: 24 | B10: 0.8 | C10: 000 | D10: 0 | E10: =IFERROR(MEDIAN(D2:D30),D10) | F10: =IF(OR(NOT(ISNUMBER(D10)),ABS(D10-E10)>$O$3),1,0) | G10: =IF(F10=1,NA(),D10) | H10: =IF(AND(ISNUMBER(D10),D10>=$O$4),1,0) | I10: =B10-$O$8
A11: 27 | B11: 0.9 | C11: 000 | D11: 0 | E11: =IFERROR(MEDIAN(D2:D31),D11) | F11: =IF(OR(NOT(ISNUMBER(D11)),ABS(D11-E11)>$O$3),1,0) | G11: =IF(F11=1,NA(),D11) | H11: =IF(AND(ISNUMBER(D11),D11>=$O$4),1,0) | I11: =B11-$O$8
A12: 30 | B12: 1 | C12: 000 | D12: 0 | E12: =IFERROR(MEDIAN(D2:D32),D12) | F12: =IF(OR(NOT(ISNUMBER(D12)),ABS(D12-E12)>$O$3),1,0) | G12: =IF(F12=1,NA(),D12) | H12: =IF(AND(ISNUMBER(D12),D12>=$O$4),1,0) | I12: =B12-$O$8
A13: 33 | B13: 1.1 | C13: 000 | D13: 0 | E13: =IFERROR(MEDIAN(D2:D33),D13) | F13: =IF(OR(NOT(ISNUMBER(D13)),ABS(D13-E13)>$O$3),1,0) | G13: =IF(F13=1,NA(),D13) | H13: =IF(AND(ISNUMBER(D13),D13>=$O$4),1,0) | I13: =B13-$O$8
A14: 36 | B14: 1.2 | C14: 000 | D14: 0 | E14: =IFERROR(MEDIAN(D2:D34),D14) | F14: =IF(OR(NOT(ISNUMBER(D14)),ABS(D14-E14)>$O$3),1,0) | G14: =IF(F14=1,NA(),D14) | H14: =IF(AND(ISNUMBER(D14),D14>=$O$4),1,0) | I14: =B14-$O$8
A15: 39 | B15: 1.3 | C15: 008 | D15: 0.08 | E15: =IFERROR(MEDIAN(D2:D35),D15) | F15: =IF(OR(NOT(ISNUMBER(D15)),ABS(D15-E15)>$O$3),1,0) | G15: =IF(F15=1,NA(),D15) | H15: =IF(AND(ISNUMBER(D15),D15>=$O$4),1,0) | I15: =B15-$O$8
A16: 42 | B16: 1.4 | C16: 015 | D16: 0.15 | E16: =IFERROR(MEDIAN(D2:D36),D16) | F16: =IF(OR(NOT(ISNUMBER(D16)),ABS(D16-E16)>$O$3),1,0) | G16: =IF(F16=1,NA(),D16) | H16: =IF(AND(ISNUMBER(D16),D16>=$O$4),1,0) | I16: =B16-$O$8
A17: 45 | B17: 1.5 | C17: 035 | D17: 0.35 | E17: =IFERROR(MEDIAN(D2:D37),D17) | F17: =IF(OR(NOT(ISNUMBER(D17)),ABS(D17-E17)>$O$3),1,0) | G17: =IF(F17=1,NA(),D17) | H17: =IF(AND(ISNUMBER(D17),D17>=$O$4),1,0) | I17: =B17-$O$8
A18: 48 | B18: 1.6 | C18: 035 | D18: 0.35 | E18: =IFERROR(MEDIAN(D2:D38),D18) | F18: =IF(OR(NOT(ISNUMBER(D18)),ABS(D18-E18)>$O$3),1,0) | G18: =IF(F18=1,NA(),D18) | H18: =IF(AND(ISNUMBER(D18),D18>=$O$4),1,0) | I18: =B18-$O$8
A19: 51 | B19: 1.7 | C19: 088 | D19: 0.88 | E19: =IFERROR(MEDIAN(D2:D39),D19) | F19: =IF(OR(NOT(ISNUMBER(D19)),ABS(D19-E19)>$O$3),1,0) | G19: =IF(F19=1,NA(),D19) | H19: =IF(AND(ISNUMBER(D19),D19>=$O$4),1,0) | I19: =B19-$O$8
A20: 54 | B20: 1.8 | C20: 086 | D20: 0.86 | E20: =IFERROR(MEDIAN(D2:D40),D20) | F20: =IF(OR(NOT(ISNUMBER(D20)),ABS(D20-E20)>$O$3),1,0) | G20: =IF(F20=1,NA(),D20) | H20: =IF(AND(ISNUMBER(D20),D20>=$O$4),1,0) | I20: =B20-$O$8
A21: 57 | B21: 1.9 | C21: 098 | D21: 0.98 | E21: =IFERROR(MEDIAN(D2:D41),D21) | F21: =IF(OR(NOT(ISNUMBER(D21)),ABS(D21-E21)>$O$3),1,0) | G21: =IF(F21=1,NA(),D21) | H21: =IF(AND(ISNUMBER(D21),D21>=$O$4),1,0) | I21: =B21-$O$8
A22: 60 | B22: 2 | C22: 096 | D22: 0.96 | E22: =IFERROR(MEDIAN(D2:D42),D22) | F22: =IF(OR(NOT(ISNUMBER(D22)),ABS(D22-E22)>$O$3),1,0) | G22: =IF(F22=1,NA(),D22) | H22: =IF(AND(ISNUMBER(D22),D22>=$O$4),1,0) | I22: =B22-$O$8
A23: 63 | B23: 2.1 | C23: 36 | D23: 0.36 | E23: =IFERROR(MEDIAN(D3:D43),D23) | F23: =IF(OR(NOT(ISNUMBER(D23)),ABS(D23-E23)>$O$3),1,0) | G23: =IF(F23=1,NA(),D23) | H23: =IF(AND(ISNUMBER(D23),D23>=$O$4),1,0) | I23: =B23-$O$8
A24: 66 | B24: 2.2 | C24: 92 | D24: 0.92 | E24: =IFERROR(MEDIAN(D4:D44),D24) | F24: =IF(OR(NOT(ISNUMBER(D24)),ABS(D24-E24)>$O$3),1,0) | G24: =IF(F24=1,NA(),D24) | H24: =IF(AND(ISNUMBER(D24),D24>=$O$4),1,0) | I24: =B24-$O$8
A25: 69 | B25: 2.3 | C25: 98 | D25: 0.98 | E25: =IFERROR(MEDIAN(D5:D45),D25) | F25: =IF(OR(NOT(ISNUMBER(D25)),ABS(D25-E25)>$O$3),1,0) | G25: =IF(F25=1,NA(),D25) | H25: =IF(AND(ISNUMBER(D25),D25>=$O$4),1,0) | I25: =B25-$O$8
A26: 72 | B26: 2.4 | C26: 88 | D26: 0.88 | E26: =IFERROR(MEDIAN(D6:D46),D26) | F26: =IF(OR(NOT(ISNUMBER(D26)),ABS(D26-E26)>$O$3),1,0) | G26: =IF(F26=1,NA(),D26) | H26: =IF(AND(ISNUMBER(D26),D26>=$O$4),1,0) | I26: =B26-$O$8
A27: 75 | B27: 2.5 | C27: 86 | D27: 0.86 | E27: =IFERROR(MEDIAN(D7:D47),D27) | F27: =IF(OR(NOT(ISNUMBER(D27)),ABS(D27-E27)>$O$3),1,0) | G27: =IF(F27=1,NA(),D27) | H27: =IF(AND(ISNUMBER(D27),D27>=$O$4),1,0) | I27: =B27-$O$8
A28: 78 | B28: 2.6 | C28: 88 | D28: 0.88 | E28: =IFERROR(MEDIAN(D8:D48),D28) | F28: =IF(OR(NOT(ISNUMBER(D28)),ABS(D28-E28)>$O$3),1,0) | G28: =IF(F28=1,NA(),D28) | H28: =IF(AND(ISNUMBER(D28),D28>=$O$4),1,0) | I28: =B28-$O$8
A29: 81 | B29: 2.7 | C29: 88 | D29: 0.88 | E29: =IFERROR(MEDIAN(D9:D49),D29) | F29: =IF(OR(NOT(ISNUMBER(D29)),ABS(D29-E29)>$O$3),1,0) | G29: =IF(F29=1,NA(),D29) | H29: =IF(AND(ISNUMBER(D29),D29>=$O$4),1,0) | I29: =B29-$O$8
A30: 84 | B30: 2.8 | C30: 96 | D30: 0.96 | E30: =IFERROR(MEDIAN(D10:D50),D30) | F30: =IF(OR(NOT(ISNUMBER(D30)),ABS(D30-E30)>$O$3),1,0) | G30: =IF(F30=1,NA(),D30) | H30: =IF(AND(ISNUMBER(D30),D30>=$O$4),1,0) | I30: =B30-$O$8
A31: 87 | B31: 2.9 | C31: 08 | D31: 0.08 | E31: =IFERROR(MEDIAN(D11:D51),D31) | F31: =IF(OR(NOT(ISNUMBER(D31)),ABS(D31-E31)>$O$3),1,0) | G31: =IF(F31=1,NA(),D31) | H31: =IF(AND(ISNUMBER(D31),D31>=$O$4),1,0) | I31: =B31-$O$8
A32: 90 | B32: 3 | C32: 89 | D32: 0.89 | E32: =IFERROR(MEDIAN(D12:D52),D32) | F32: =IF(OR(NOT(ISNUMBER(D32)),ABS(D32-E32)>$O$3),1,0) | G32: =IF(F32=1,NA(),D32) | H32: =IF(AND(ISNUMBER(D32),D32>=$O$4),1,0) | I32: =B32-$O$8
A33: 93 | B33: 3.1 | C33: 05 | D33: 0.05 | E33: =IFERROR(MEDIAN(D13:D53),D33) | F33: =IF(OR(NOT(ISNUMBER(D33)),ABS(D33-E33)>$O$3),1,0) | G33: =IF(F33=1,NA(),D33) | H33: =IF(AND(ISNUMBER(D33),D33>=$O$4),1,0) | I33: =B33-$O$8
... A37: 105 | B37: 3.5 | C37: 66 | D37: 0.66 | E37: =IFERROR(MEDIAN(D17:D57),D37) | F37: =IF(OR(NOT(ISNUMBER(D37)),ABS(D37-E37)>$O$3),1,0) | G37: =IF(F37=1,NA(),D37) | H37: =IF(AND(ISNUMBER(D37),D37>=$O$4),1,0) | I37: =B37-$O$8
A38: 108 | B38: 3.6 | C38: 8?1 | E38: =IFERROR(MEDIAN(D18:D58),D38) | F38: =IF(OR(NOT(ISNUMBER(D38)),ABS(D38-E38)>$O$3),1,0) | G38: =IF(F38=1,NA(),D38) | H38: =IF(AND(ISNUMBER(D38),D38>=$O$4),1,0) | I38: =B38-$O$8
A39: 111 | B39: 3.7 | C39: 86 | D39: 0.86 | E39: =IFERROR(MEDIAN(D19:D59),D39) | F39: =IF(OR(NOT(ISNUMBER(D39)),ABS(D39-E39)>$O$3),1,0) | G39: =IF(F39=1,NA(),D39) | H39: =IF(AND(ISNUMBER(D39),D39>=$O$4),1,0) | I39: =B39-$O$8
A40: 114 | B40: 3.8 | C40: 408 | D40: 4.08 | E40: =IFERROR(MEDIAN(D20:D60),D40) | F40: =IF(OR(NOT(ISNUMBER(D40)),ABS(D40-E40)>$O$3),1,0) | G40: =IF(F40=1,NA(),D40) | H40: =IF(AND(ISNUMBER(D40),D40>=$O$4),1,0) | I40: =B40-$O$8
A41: 117 | B41: 3.9 | C41: 408 | D41: 4.08 | E41: =IFERROR(MEDIAN(D21:D61),D41) | F41: =IF(OR(NOT(ISNUMBER(D41)),ABS(D41-E41)>$O$3),1,0) | G41: =IF(F41=1,NA(),D41) | H41: =IF(AND(ISNUMBER(D41),D41>=$O$4),1,0) | I41: =B41-$O$8
A42: 120 | B42: 4 | C42: 436 | D42: 4.36 | E42: =IFERROR(MEDIAN(D22:D62),D42) | F42: =IF(OR(NOT(ISNUMBER(D42)),ABS(D42-E42)>$O$3),1,0) | G42: =IF(F42=1,NA(),D42) | H42: =IF(AND(ISNUMBER(D42),D42>=$O$4),1,0) | I42: =B42-$O$8
A43: 123 | B43: 4.1 | C43: 438 | D43: 4.38 | E43: =IFERROR(MEDIAN(D23:D63),D43) | F43: =IF(OR(NOT(ISNUMBER(D43)),ABS(D43-E43)>$O$3),1,0) | G43: =IF(F43=1,NA(),D43) | H43: =IF(AND(ISNUMBER(D43),D43>=$O$4),1,0) | I43: =B43-$O$8
A44: 126 | B44: 4.2 | C44: 482 | D44: 4.82 | E44: =IFERROR(MEDIAN(D24:D64),D44) | F44: =IF(OR(NOT(ISNUMBER(D44)),ABS(D44-E44)>$O$3),1,0) | G44: =IF(F44=1,NA(),D44) | H44: =IF(AND(ISNUMBER(D44),D44>=$O$4),1,0) | I44: =B44-$O$8
A45: 129 | B45: 4.3 | C45: 463 | D45: 4.63 | E45: =IFERROR(MEDIAN(D25:D65),D45) | F45: =IF(OR(NOT(ISNUMBER(D45)),ABS(D45-E45)>$O$3),1,0) | G45: =IF(F45=1,NA(),D45) | H45: =IF(AND(ISNUMBER(D45),D45>=$O$4),1,0) | I45: =B45-$O$8
A46: 132 | B46: 4.4 | C46: 48? | E46: =IFERROR(MEDIAN(D26:D66),D46) | F46: =IF(OR(NOT(ISNUMBER(D46)),ABS(D46-E46)>$O$3),1,0) | G46: =IF(F46=1,NA(),D46) | H46: =IF(AND(ISNUMBER(D46),D46>=$O$4),1,0) | I46: =B46-$O$8
A47: 135 | B47: 4.5 | C47: 488 | D47: 4.88 | E47: =IFERROR(MEDIAN(D27:D67),D47) | F47: =IF(OR(NOT(ISNUMBER(D47)),ABS(D47-E47)>$O$3),1,0) | G47: =IF(F47=1,NA(),D47) | H47: =IF(AND(ISNUMBER(D47),D47>=$O$4),1,0) | I47: =B47-$O$8
A48: 138 | B48: 4.6 | C48: 577 | D48: 5.77 | E48: =IFERROR(MEDIAN(D28:D68),D48) | F48: =IF(OR(NOT(ISNUMBER(D48)),ABS(D48-E48)>$O$3),1,0) | G48: =IF(F48=1,NA(),D48) | H48: =IF(AND(ISNUMBER(D48),D48>=$O$4),1,0) | I48: =B48-$O$8
A49: 141 | B49: 4.7 | C49: 512 | D49: 5.12 | E49: =IFERROR(MEDIAN(D29:D69),D49) | F49: =IF(OR(NOT(ISNUMBER(D49)),ABS(D49-E49)>$O$3),1,0) | G49: =IF(F49=1,NA(),D49) | H49: =IF(AND(ISNUMBER(D49),D49>=$O$4),1,0) | I49: =B49-$O$8
A50: 144 | B50: 4.8 | C50: 535 | D50: 5.35 | E50: =IFERROR(MEDIAN(D30:D70),D50) | F50: =IF(OR(NOT(ISNUMBER(D50)),ABS(D50-E50)>$O$3),1,0) | G50: =IF(F50=1,NA(),D50) | H50: =IF(AND(ISNUMBER(D50),D50>=$O$4),1,0) | I50: =B50-$O$8
A51: 147 | B51: 4.9 | C51: 535 | D51: 5.35 | E51: =IFERROR(MEDIAN(D31:D71),D51) | F51: =IF(OR(NOT(ISNUMBER(D51)),ABS(D51-E51)>$O$3),1,0) | G51: =IF(F51=1,NA(),D51) | H51: =IF(AND(ISNUMBER(D51),D51>=$O$4),1,0) | I51: =B51-$O$8
A52: 150 | B52: 5 | C52: 555 | D52: 5.55 | E52: =IFERROR(MEDIAN(D32:D72),D52) | F52: =IF(OR(NOT(ISNUMBER(D52)),ABS(D52-E52)>$O$3),1,0) | G52: =IF(F52=1,NA(),D52) | H52: =IF(AND(ISNUMBER(D52),D52>=$O$4),1,0) | I52: =B52-$O$8
A53: 153 | B53: 5.1 | C53: 556 | D53: 5.56 | E53: =IFERROR(MEDIAN(D33:D73),D53) | F53: =IF(OR(NOT(ISNUMBER(D53)),ABS(D53-E53)>$O$3),1,0) | G53: =IF(F53=1,NA(),D53) | H53: =IF(AND(ISNUMBER(D53),D53>=$O$4),1,0) | I53: =B53-$O$8
A54: 156 | B54: 5.2 | C54: 577 | D54: 5.77 | E54: =IFERROR(MEDIAN(D34:D74),D54) | F54: =IF(OR(NOT(ISNUMBER(D54)),ABS(D54-E54)>$O$3),1,0) | G54: =IF(F54=1,NA(),D54) | H54: =IF(AND(ISNUMBER(D54),D54>=$O$4),1,0) | I54: =B54-$O$8
A55: 159 | B55: 5.3 | C55: 578 | D55: 5.78 | E55: =IFERROR(MEDIAN(D35:D75),D55) | F55: =IF(OR(NOT(ISNUMBER(D55)),ABS(D55-E55)>$O$3),1,0) | G55: =IF(F55=1,NA(),D55) | H55: =IF(AND(ISNUMBER(D55),D55>=$O$4),1,0) | I55: =B55-$O$8
A56: 162 | B56: 5.4 | C56: 598 | D56: 5.98 | E56: =IFERROR(MEDIAN(D36:D76),D56) | F56: =IF(OR(NOT(ISNUMBER(D56)),ABS(D56-E56)>$O$3),1,0) | G56: =IF(F56=1,NA(),D56) | H56: =IF(AND(ISNUMBER(D56),D56>=$O$4),1,0) | I56: =B56-$O$8
A57: 165 | B57: 5.5 | C57: 599 | D57: 5.99 | E57: =IFERROR(MEDIAN(D37:D77),D57) | F57: =IF(OR(NOT(ISNUMBER(D57)),ABS(D57-E57)>$O$3),1,0) | G57: =IF(F57=1,NA(),D57) | H57: =IF(AND(ISNUMBER(D57),D57>=$O$4),1,0) | I57: =B57-$O$8
A58: 168 | B58: 5.6 | C58: 619 | D58: 6.19 | E58: =IFERROR(MEDIAN(D38:D78),D58) | F58: =IF(OR(NOT(ISNUMBER(D58)),ABS(D58-E58)>$O$3),1,0) | G58: =IF(F58=1,NA(),D58) | H58: =IF(AND(ISNUMBER(D58),D58>=$O$4),1,0) | I58: =B58-$O$8
... A138: 408 | B138: 13.6 | C138: 976 | D138: 9.76 | E138: =IFERROR(MEDIAN(D118:D158),D138) | F138: =IF(OR(NOT(ISNUMBER(D138)),ABS(D138-E138)>$O$3),1,0) | G138: =IF(F138=1,NA(),D138) | H138: =IF(AND(ISNUMBER(D138),D138>=$O$4),1,0) | I138: =B138-$O$8
A139: 411 | B139: 13.7 | C139: 97? | E139: =IFERROR(MEDIAN(D119:D159),D139) | F139: =IF(OR(NOT(ISNUMBER(D139)),ABS(D139-E139)>$O$3),1,0) | G139: =IF(F139=1,NA(),D139) | H139: =IF(AND(ISNUMBER(D139),D139>=$O$4),1,0) | I139: =B139-$O$8
A140: 414 | B140: 13.8 | C140: 978 | D140: 9.78 | E140: =IFERROR(MEDIAN(D120:D160),D140) | F140: =IF(OR(NOT(ISNUMBER(D140)),ABS(D140-E140)>$O$3),1,0) | G140: =IF(F140=1,NA(),D140) | H140: =IF(AND(ISNUMBER(D140),D140>=$O$4),1,0) | I140: =B140-$O$8
A141: 417 | B141: 13.9 | C141: 979 | D141: 9.79 | E141: =IFERROR(MEDIAN(D121:D161),D141) | F141: =IF(OR(NOT(ISNUMBER(D141)),ABS(D141-E141)>$O$3),1,0) | G141: =IF(F141=1,NA(),D141) | H141: =IF(AND(ISNUMBER(D141),D141>=$O$4),1,0) | I141: =B141-$O$8
A142: 420 | B142: 14 | C142: 980 | D142: 9.8 | E142: =IFERROR(MEDIAN(D122:D162),D142) | F142: =IF(OR(NOT(ISNUMBER(D142)),ABS(D142-E142)>$O$3),1,0) | G142: =IF(F142=1,NA(),D142) | H142: =IF(AND(ISNUMBER(D142),D142>=$O$4),1,0) | I142: =B142-$O$8
A143: 423 | B143: 14.1 | C143: 987 | D143: 9.87 | E143: =IFERROR(MEDIAN(D123:D163),D143) | F143: =IF(OR(NOT(ISNUMBER(D143)),ABS(D143-E143)>$O$3),1,0) | G143: =IF(F143=1,NA(),D143) | H143: =IF(AND(ISNUMBER(D143),D143>=$O$4),1,0) | I143: =B143-$O$8
A144: 426 | B144: 14.2 | C144: 987 | D144: 9.87 | E144: =IFERROR(MEDIAN(D124:D164),D144) | F144: =IF(OR(NOT(ISNUMBER(D144)),ABS(D144-E144)>$O$3),1,0) | G144: =IF(F144=1,NA(),D144) | H144: =IF(AND(ISNUMBER(D144),D144>=$O$4),1,0) | I144: =B144-$O$8
A145: 429 | B145: 14.3 | C145: 987 | D145: 9.87 | E145: =IFERROR(MEDIAN(D125:D165),D145) | F145: =IF(OR(NOT(ISNUMBER(D145)),ABS(D145-E145)>$O$3),1,0) | G145: =IF(F145=1,NA(),D145) | H145: =IF(AND(ISNUMBER(D145),D145>=$O$4),1,0) | I145: =B145-$O$8
A146: 432 | B146: 14.4 | C146: 987 | D146: 9.87 | E146: =IFERROR(MEDIAN(D126:D166),D146) | F146: =IF(OR(NOT(ISNUMBER(D146)),ABS(D146-E146)>$O$3),1,0) | G146: =IF(F146=1,NA(),D146) | H146: =IF(AND(ISNUMBER(D146),D146>=$O$4),1,0) | I146: =B146-$O$8
A147: 435 | B147: 14.5 | C147: 987 | D147: 9.87 | E147: =IFERROR(MEDIAN(D127:D167),D147) | F147: =IF(OR(NOT(ISNUMBER(D147)),ABS(D147-E147)>$O$3),1,0) | G147: =IF(F147=1,NA(),D147) | H147: =IF(AND(ISNUMBER(D147),D147>=$O$4),1,0) | I147: =B147-$O$8
A148: 438 | B148: 14.6 | C148: 98? | E148: =IFERROR(MEDIAN(D128:D168),D148) | F148: =IF(OR(NOT(ISNUMBER(D148)),ABS(D148-E148)>$O$3),1,0) | G148: =IF(F148=1,NA(),D148) | H148: =IF(AND(ISNUMBER(D148),D148>=$O$4),1,0) | I148: =B148-$O$8
A149: 441 | B149: 14.7 | C149: 988 | D149: 9.88 | E149: =IFERROR(MEDIAN(D129:D169),D149) | F149: =IF(OR(NOT(ISNUMBER(D149)),ABS(D149-E149)>$O$3),1,0) | G149: =IF(F149=1,NA(),D149) | H149: =IF(AND(ISNUMBER(D149),D149>=$O$4),1,0) | I149: =B149-$O$8
A150: 444 | B150: 14.8 | C150: 988 | D150: 9.88 | E150: =IFERROR(MEDIAN(D130:D170),D150) | F150: =IF(OR(NOT(ISNUMBER(D150)),ABS(D150-E150)>$O$3),1,0) | G150: =IF(F150=1,NA(),D150) | H150: =IF(AND(ISNUMBER(D150),D150>=$O$4),1,0) | I150: =B150-$O$8
A151: 447 | B151: 14.9 | C151: 990 | D151: 9.9 | E151: =IFERROR(MEDIAN(D131:D171),D151) | F151: =IF(OR(NOT(ISNUMBER(D151)),ABS(D151-E151)>$O$3),1,0) | G151: =IF(F151=1,NA(),D151) | H151: =IF(AND(ISNUMBER(D151),D151>=$O$4),1,0) | I151: =B151-$O$8
A152: 450 | B152: 15 | C152: 996 | D152: 9.96 | E152: =IFERROR(MEDIAN(D132:D172),D152) | F152: =IF(OR(NOT(ISNUMBER(D152)),ABS(D152-E152)>$O$3),1,0) | G152: =IF(F152=1,NA(),D152) | H152: =IF(AND(ISNUMBER(D152),D152>=$O$4),1,0) | I152: =B152-$O$8
A153: 453 | B153: 15.1 | C153: 996 | D153: 9.96 | E153: =IFERROR(MEDIAN(D133:D173),D153) | F153: =IF(OR(NOT(ISNUMBER(D153)),ABS(D153-E153)>$O$3),1,0) | G153: =IF(F153=1,NA(),D153) | H153: =IF(AND(ISNUMBER(D153),D153>=$O$4),1,0) | I153: =B153-$O$8
A154: 456 | B154: 15.2 | C154: 993 | D154: 9.93 | E154: =IFERROR(MEDIAN(D134:D174),D154) | F154: =IF(OR(NOT(ISNUMBER(D154)),ABS(D154-E154)>$O$3),1,0) | G154: =IF(F154=1,NA(),D154) | H154: =IF(AND(ISNUMBER(D154),D154>=$O$4),1,0) | I154: =B154-$O$8
A155: 459 | B155: 15.3 | C155: 99 | D155: 0.99 | E155: =IFERROR(MEDIAN(D135:D175),D155) | F155: =IF(OR(NOT(ISNUMBER(D155)),ABS(D155-E155)>$O$3),1,0) | G155: =IF(F155=1,NA(),D155) | H155: =IF(AND(ISNUMBER(D155),D155>=$O$4),1,0) | I155: =B155-$O$8
A156: 462 | B156: 15.4 | C156: 998 | D156: 9.98 | E156: =IFERROR(MEDIAN(D136:D176),D156) | F156: =IF(OR(NOT(ISNUMBER(D156)),ABS(D156-E156)>$O$3),1,0) | G156: =IF(F156=1,NA(),D156) | H156: =IF(AND(ISNUMBER(D156),D156>=$O$4),1,0) | I156: =B156-$O$8
A157: 465 | B157: 15.5 | C157: 996 | D157: 9.96 | E157: =IFERROR(MEDIAN(D137:D177),D157) | F157: =IF(OR(NOT(ISNUMBER(D157)),ABS(D157-E157)>$O$3),1,0) | G157: =IF(F157=1,NA(),D157) | H157: =IF(AND(ISNUMBER(D157),D157>=$O$4),1,0) | I157: =B157-$O$8
A158: 468 | B158: 15.6 | C158: 996 | D158: 9.96 | E158: =IFERROR(MEDIAN(D138:D178),D158) | F158: =IF(OR(NOT(ISNUMBER(D158)),ABS(D158-E158)>$O$3),1,0) | G158: =IF(F158=1,NA(),D158) | H158: =IF(AND(ISNUMBER(D158),D158>=$O$4),1,0) | I158: =B158-$O$8
A159: 471 | B159: 15.7 | C159: 997 | D159: 9.97 | E159: =IFERROR(MEDIAN(D139:D179),D159) | F159: =IF(OR(NOT(ISNUMBER(D159)),ABS(D159-E159)>$O$3),1,0) | G159: =IF(F159=1,NA(),D159) | H159: =IF(AND(ISNUMBER(D159),D159>=$O$4),1,0) | I159: =B159-$O$8
A160: 474 | B160: 15.8 | C160: 998 | D160: 9.98 | E160: =IFERROR(MEDIAN(D140:D180),D160) | F160: =IF(OR(NOT(ISNUMBER(D160)),ABS(D160-E160)>$O$3),1,0) | G160: =IF(F160=1,NA(),D160) | H160: =IF(AND(ISNUMBER(D160),D160>=$O$4),1,0) | I160: =B160-$O$8
... A282: 840 | B282: 28 | C282: 003 | D282: 0.03 | E282: =IFERROR(MEDIAN(D262:D302),D282) | F282: =IF(OR(NOT(ISNUMBER(D282)),ABS(D282-E282)>$O$3),1,0) | G282: =IF(F282=1,NA(),D282) | H282: =IF(AND(ISNUMBER(D282),D282>=$O$4),1,0) | I282: =B282-$O$8
A283: 843 | B283: 28.1 | C283: 003 | D283: 0.03 | E283: =IFERROR(MEDIAN(D263:D302),D283) | F283: =IF(OR(NOT(ISNUMBER(D283)),ABS(D283-E283)>$O$3),1,0) | G283: =IF(F283=1,NA(),D283) | H283: =IF(AND(ISNUMBER(D283),D283>=$O$4),1,0) | I283: =B283-$O$8
A284: 846 | B284: 28.2 | C284: 003 | D284: 0.03 | E284: =IFERROR(MEDIAN(D264:D302),D284) | F284: =IF(OR(NOT(ISNUMBER(D284)),ABS(D284-E284)>$O$3),1,0) | G284: =IF(F284=1,NA(),D284) | H284: =IF(AND(ISNUMBER(D284),D284>=$O$4),1,0) | I284: =B284-$O$8
A285: 849 | B285: 28.3 | C285: 003 | D285: 0.03 | E285: =IFERROR(MEDIAN(D265:D302),D285) | F285: =IF(OR(NOT(ISNUMBER(D285)),ABS(D285-E285)>$O$3),1,0) | G285: =IF(F285=1,NA(),D285) | H285: =IF(AND(ISNUMBER(D285),D285>=$O$4),1,0) | I285: =B285-$O$8
A286: 852 | B286: 28.4 | C286: 003 | D286: 0.03 | E286: =IFERROR(MEDIAN(D266:D302),D286) | F286: =IF(OR(NOT(ISNUMBER(D286)),ABS(D286-E286)>$O$3),1,0) | G286: =IF(F286=1,NA(),D286) | H286: =IF(AND(ISNUMBER(D286),D286>=$O$4),1,0) | I286: =B286-$O$8
A287: 855 | B287: 28.5 | C287: 003 | D287: 0.03 | E287: =IFERROR(MEDIAN(D267:D302),D287) | F287: =IF(OR(NOT(ISNUMBER(D287)),ABS(D287-E287)>$O$3),1,0) | G287: =IF(F287=1,NA(),D287) | H287: =IF(AND(ISNUMBER(D287),D287>=$O$4),1,0) | I287: =B287-$O$8
A288: 858 | B288: 28.6 | C288: 003 | D288: 0.03 | E288: =IFERROR(MEDIAN(D268:D302),D288) | F288: =IF(OR(NOT(ISNUMBER(D288)),ABS(D288-E288)>$O$3),1,0) | G288: =IF(F288=1,NA(),D288) | H288: =IF(AND(ISNUMBER(D288),D288>=$O$4),1,0) | I288: =B288-$O$8
A289: 861 | B289: 28.7 | C289: 003 | D289: 0.03 | E289: =IFERROR(MEDIAN(D269:D302),D289) | F289: =IF(OR(NOT(ISNUMBER(D289)),ABS(D289-E289)>$O$3),1,0) | G289: =IF(F289=1,NA(),D289) | H289: =IF(AND(ISNUMBER(D289),D289>=$O$4),1,0) | I289: =B289-$O$8
A290: 864 | B290: 28.8 | C290: 003 | D290: 0.03 | E290: =IFERROR(MEDIAN(D270:D302),D290) | F290: =IF(OR(NOT(ISNUMBER(D290)),ABS(D290-E290)>$O$3),1,0) | G290: =IF(F290=1,NA(),D290) | H290: =IF(AND(ISNUMBER(D290),D290>=$O$4),1,0) | I290: =B290-$O$8
A291: 867 | B291: 28.9 | C291: 003 | D291: 0.03 | E291: =IFERROR(MEDIAN(D271:D302),D291) | F291: =IF(OR(NOT(ISNUMBER(D291)),ABS(D291-E291)>$O$3),1,0) | G291: =IF(F291=1,NA(),D291) | H291: =IF(AND(ISNUMBER(D291),D291>=$O$4),1,0) | I291: =B291-$O$8
A292: 870 | B292: 29 | C292: 003 | D292: 0.03 | E292: =IFERROR(MEDIAN(D272:D302),D292) | F292: =IF(OR(NOT(ISNUMBER(D292)),ABS(D292-E292)>$O$3),1,0) | G292: =IF(F292=1,NA(),D292) | H292: =IF(AND(ISNUMBER(D292),D292>=$O$4),1,0) | I292: =B292-$O$8
A293: 873 | B293: 29.1 | C293: 003 | D293: 0.03 | E293: =IFERROR(MEDIAN(D273:D302),D293) | F293: =IF(OR(NOT(ISNUMBER(D293)),ABS(D293-E293)>$O$3),1,0) | G293: =IF(F293=1,NA(),D293) | H293: =IF(AND(ISNUMBER(D293),D293>=$O$4),1,0) | I293: =B293-$O$8
A294: 876 | B294: 29.2 | C294: 003 | D294: 0.03 | E294: =IFERROR(MEDIAN(D274:D302),D294) | F294: =IF(OR(NOT(ISNUMBER(D294)),ABS(D294-E294)>$O$3),1,0) | G294: =IF(F294=1,NA(),D294) | H294: =IF(AND(ISNUMBER(D294),D294>=$O$4),1,0) | I294: =B294-$O$8
A295: 879 | B295: 29.3 | C295: 003 | D295: 0.03 | E295: =IFERROR(MEDIAN(D275:D302),D295) | F295: =IF(OR(NOT(ISNUMBER(D295)),ABS(D295-E295)>$O$3),1,0) | G295: =IF(F295=1,NA(),D295) | H295: =IF(AND(ISNUMBER(D295),D295>=$O$4),1,0) | I295: =B295-$O$8
A296: 882 | B296: 29.4 | C296: 003 | D296: 0.03 | E296: =IFERROR(MEDIAN(D276:D302),D296) | F296: =IF(OR(NOT(ISNUMBER(D296)),ABS(D296-E296)>$O$3),1,0) | G296: =IF(F296=1,NA(),D296) | H296: =IF(AND(ISNUMBER(D296),D296>=$O$4),1,0) | I296: =B296-$O$8
A297: 885 | B297: 29.5 | C297: 003 | D297: 0.03 | E297: =IFERROR(MEDIAN(D277:D302),D297) | F297: =IF(OR(NOT(ISNUMBER(D297)),ABS(D297-E297)>$O$3),1,0) | G297: =IF(F297=1,NA(),D297) | H297: =IF(AND(ISNUMBER(D297),D297>=$O$4),1,0) | I297: =B297-$O$8
A298: 888 | B298: 29.6 | C298: 003 | D298: 0.03 | E298: =IFERROR(MEDIAN(D278:D302),D298) | F298: =IF(OR(NOT(ISNUMBER(D298)),ABS(D298-E298)>$O$3),1,0) | G298: =IF(F298=1,NA(),D298) | H298: =IF(AND(ISNUMBER(D298),D298>=$O$4),1,0) | I298: =B298-$O$8
A299: 891 | B299: 29.7 | C299: 003 | D299: 0.03 | E299: =IFERROR(MEDIAN(D279:D302),D299) | F299: =IF(OR(NOT(ISNUMBER(D299)),ABS(D299-E299)>$O$3),1,0) | G299: =IF(F299=1,NA(),D299) | H299: =IF(AND(ISNUMBER(D299),D299>=$O$4),1,0) | I299: =B299-$O$8
A300: 894 | B300: 29.8 | C300: 003 | D300: 0.03 | E300: =IFERROR(MEDIAN(D280:D302),D300) | F300: =IF(OR(NOT(ISNUMBER(D300)),ABS(D300-E300)>$O$3),1,0) | G300: =IF(F300=1,NA(),D300) | H300: =IF(AND(ISNUMBER(D300),D300>=$O$4),1,0) | I300: =B300-$O$8
A301: 897 | B301: 29.9 | C301: 003 | D301: 0.03 | E301: =IFERROR(MEDIAN(D281:D302),D301) | F301: =IF(OR(NOT(ISNUMBER(D301)),ABS(D301-E301)>$O$3),1,0) | G301: =IF(F301=1,NA(),D301) | H301: =IF(AND(ISNUMBER(D301),D301>=$O$4),1,0) | I301: =B301-$O$8
A302: 900 | B302: 30 | C302: 003 | D302: 0.03 | E302: =IFERROR(MEDIAN(D282:D302),D302) | F302: =IF(OR(NOT(ISNUMBER(D302)),ABS(D302-E302)>$O$3),1,0) | G302: =IF(F302=1,NA(),D302) | H302: =IF(AND(ISNUMBER(D302),D302>=$O$4),1,0) | I302: =B302-$O$8

Sheet Hacim
A1: time_corrected_s | B1: remaining_volume_mL
A2: =Sheet1!I2 | B2: =IF(ISNA(Sheet1!G2),NA(),Sheet1!$O$5-(Sheet1!G2/Sheet1!$O$6))
A3: =Sheet1!I3 | B3: =IF(ISNA(Sheet1!G3),NA(),Sheet1!$O$5-(Sheet1!G3/Sheet1!$O$6))
A4: =Sheet1!I4 | B4: =IF(ISNA(Sheet1!G4),NA(),Sheet1!$O$5-(Sheet1!G4/Sheet1!$O$6))
A5: =Sheet1!I5 | B5: =IF(ISNA(Sheet1!G5),NA(),Sheet1!$O$5-(Sheet1!G5/Sheet1!$O$6))
A6: =Sheet1!I6 | B6: =IF(ISNA(Sheet1!G6),NA(),Sheet1!$O$5-(Sheet1!G6/Sheet1!$O$6))
A7: =Sheet1!I7 | B7: =IF(ISNA(Sheet1!G7),NA(),Sheet1!$O$5-(Sheet1!G7/Sheet1!$O$6))
A8: =Sheet1!I8 | B8: =IF(ISNA(Sheet1!G8),NA(),Sheet1!$O$5-(Sheet1!G8/Sheet1!$O$6))
A9: =Sheet1!I9 | B9: =IF(ISNA(Sheet1!G9),NA(),Sheet1!$O$5-(Sheet1!G9/Sheet1!$O$6))
A10: =Sheet1!I10 | B10: =IF(ISNA(Sheet1!G10),NA(),Sheet1!$O$5-(Sheet1!G10/Sheet1!$O$6))
A11: =Sheet1!I11 | B11: =IF(ISNA(Sheet1!G11),NA(),Sheet1!$O$5-(Sheet1!G11/Sheet1!$O$6))
A12: =Sheet1!I12 | B12: =IF(ISNA(Sheet1!G12),NA(),Sheet1!$O$5-(Sheet1!G12/Sheet1!$O$6))
A13: =Sheet1!I13 | B13: =IF(ISNA(Sheet1!G13),NA(),Sheet1!$O$5-(Sheet1!G13/Sheet1!$O$6))
... A302: =Sheet1!I302 | B302: =IF(ISNA(Sheet1!G302),NA(),Sheet1!$O$5-(Sheet1!G302/Sheet1!$O$6))
