Workbook

Sheet Sheet1
A1: frame_no | B1: timestamp_sec | C1: raw_digits | D1: weight | E1: is_started | F1: time_corrected_s | N1: Parametreler
A2: 0 | B2: 0 | C2: 1157 | D2: 11.57 | E2: =IF(AND(ISNUMBER(D2),D2>=$O$4),1,0) | F2: =B2-$O$8 | N2: Medyan penceresi (satir, her yonde) | O2: 20
A3: 3 | B3: 0.1 | C3: 1107 | D3: 11.07 | E3: =IF(AND(ISNUMBER(D3),D3>=$O$4),1,0) | F3: =B3-$O$8 | N3: Disleme toleransi (g) | O3: 0.15
A4: 6 | B4: 0.2 | C4: 1157 | D4: 11.57 | E4: =IF(AND(ISNUMBER(D4),D4>=$O$4),1,0) | F4: =B4-$O$8 | N4: Baslangic esigi (g) | O4: 0.05
A5: 9 | B5: 0.3 | C5: 1157 | D5: 11.57 | E5: =IF(AND(ISNUMBER(D5),D5>=$O$4),1,0) | F5: =B5-$O$8 | N5: Siringa hacmi (mL) | O5: 10
A6: 12 | B6: 0.4 | C6: 1157 | D6: 11.57 | E6: =IF(AND(ISNUMBER(D6),D6>=$O$4),1,0) | F6: =B6-$O$8 | N6: Yogunluk (g/mL) | O6: 1
A7: 15 | B7: 0.5 | C7: 1157 | D7: 11.57 | E7: =IF(AND(ISNUMBER(D7),D7>=$O$4),1,0) | F7: =B7-$O$8
A8: 18 | B8: 0.6 | C8: 1157 | D8: 11.57 | E8: =IF(AND(ISNUMBER(D8),D8>=$O$4),1,0) | F8: =B8-$O$8 | N8: Baslangic zamani (s) | O8: =IFERROR(INDEX(B2:B1807,MATCH(1,E2:E1807,0)),0)
A9: 21 | B9: 0.7 | C9: 1157 | D9: 11.57 | E9: =IF(AND(ISNUMBER(D9),D9>=$O$4),1,0) | F9: =B9-$O$8
A10: 24 | B10: 0.8 | C10: 1157 | D10: 11.57 | E10: =IF(AND(ISNUMBER(D10),D10>=$O$4),1,0) | F10: =B10-$O$8
A11: 27 | B11: 0.9 | C11: 1157 | D11: 11.57 | E11: =IF(AND(ISNUMBER(D11),D11>=$O$4),1,0) | F11: =B11-$O$8
A12: 30 | B12: 1 | C12: 1157 | D12: 11.57 | E12: =IF(AND(ISNUMBER(D12),D12>=$O$4),1,0) | F12: =B12-$O$8
A13: 33 | B13: 1.1 | C13: 1157 | D13: 11.57 | E13: =IF(AND(ISNUMBER(D13),D13>=$O$4),1,0) | F13: =B13-$O$8
A14: 36 | B14: 1.2 | C14: 1157 | D14: 11.57 | E14: =IF(AND(ISNUMBER(D14),D14>=$O$4),1,0) | F14: =B14-$O$8
A15: 39 | B15: 1.3 | C15: 1157 | D15: 11.57 | E15: =IF(AND(ISNUMBER(D15),D15>=$O$4),1,0) | F15: =B15-$O$8
A16: 42 | B16: 1.4 | C16: 1107 | D16: 11.07 | E16: =IF(AND(ISNUMBER(D16),D16>=$O$4),1,0) | F16: =B16-$O$8
A17: 45 | B17: 1.5 | C17: 1157 | D17: 11.57 | E17: =IF(AND(ISNUMBER(D17),D17>=$O$4),1,0) | F17: =B17-$O$8
A18: 48 | B18: 1.6 | C18: 1157 | D18: 11.57 | E18: =IF(AND(ISNUMBER(D18),D18>=$O$4),1,0) | F18: =B18-$O$8
A19: 51 | B19: 1.7 | C19: 1157 | D19: 11.57 | E19: =IF(AND(ISNUMBER(D19),D19>=$O$4),1,0) | F19: =B19-$O$8
A20: 54 | B20: 1.8 | C20: 1157 | D20: 11.57 | E20: =IF(AND(ISNUMBER(D20),D20>=$O$4),1,0) | F20: =B20-$O$8
... A52: 150 | B52: 5 | C52: 055 | D52: 0.55 | E52: =IF(AND(ISNUMBER(D52),D52>=$O$4),1,0) | F52: =B52-$O$8
A53: 153 | B53: 5.1 | C53: 05? | E53: =IF(AND(ISNUMBER(D53),D53>=$O$4),1,0) | F53: =B53-$O$8
A54: 156 | B54: 5.2 | C54: 05? | E54: =IF(AND(ISNUMBER(D54),D54>=$O$4),1,0) | F54: =B54-$O$8
A55: 159 | B55: 5.3 | C55: 053 | D55: 0.53 | E55: =IF(AND(ISNUMBER(D55),D55>=$O$4),1,0) | F55: =B55-$O$8
A56: 162 | B56: 5.4 | C56: 055 | D56: 0.55 | E56: =IF(AND(ISNUMBER(D56),D56>=$O$4),1,0) | F56: =B56-$O$8
A57: 165 | B57: 5.5 | C57: 055 | D57: 0.55 | E57: =IF(AND(ISNUMBER(D57),D57>=$O$4),1,0) | F57: =B57-$O$8
A58: 168 | B58: 5.6 | C58: 055 | D58: 0.55 | E58: =IF(AND(ISNUMBER(D58),D58>=$O$4),1,0) | F58: =B58-$O$8
A59: 171 | B59: 5.7 | C59: 0?3 | E59: =IF(AND(ISNUMBER(D59),D59>=$O$4),1,0) | F59: =B59-$O$8
A60: 174 | B60: 5.8 | C60: 023 | D60: 0.23 | E60: =IF(AND(ISNUMBER(D60),D60>=$O$4),1,0) | F60: =B60-$O$8
A61: 177 | B61: 5.9 | C61: 024 | D61: 0.24 | E61: =IF(AND(ISNUMBER(D61),D61>=$O$4),1,0) | F61: =B61-$O$8
A62: 180 | B62: 6 | C62: 024 | D62: 0.24 | E62: =IF(AND(ISNUMBER(D62),D62>=$O$4),1,0) | F62: =B62-$O$8
A63: 183 | B63: 6.1 | C63: 025 | D63: 0.25 | E63: =IF(AND(ISNUMBER(D63),D63>=$O$4),1,0) | F63: =B63-$O$8
A64: 186 | B64: 6.2 | C64: 027 | D64: 0.27 | E64: =IF(AND(ISNUMBER(D64),D64>=$O$4),1,0) | F64: =B64-$O$8
A65: 189 | B65: 6.3 | C65: 025 | D65: 0.25 | E65: =IF(AND(ISNUMBER(D65),D65>=$O$4),1,0) | F65: =B65-$O$8
A66: 192 | B66: 6.4 | C66: 030 | D66: 0.3 | E66: =IF(AND(ISNUMBER(D66),D66>=$O$4),1,0) | F66: =B66-$O$8
A67: 195 | B67: 6.5 | C67: 032 | D67: 0.32 | E67: =IF(AND(ISNUMBER(D67),D67>=$O$4),1,0) | F67: =B67-$O$8
A68: 198 | B68: 6.6 | C68: 034 | D68: 0.34 | E68: =IF(AND(ISNUMBER(D68),D68>=$O$4),1,0) | F68: =B68-$O$8
A69: 201 | B69: 6.7 | C69: 037 | D69: 0.37 | E69: =IF(AND(ISNUMBER(D69),D69>=$O$4),1,0) | F69: =B69-$O$8
A70: 204 | B70: 6.8 | C70: 035 | D70: 0.35 | E70: =IF(AND(ISNUMBER(D70),D70>=$O$4),1,0) | F70: =B70-$O$8
A71: 207 | B71: 6.9 | C71: 04? | E71: =IF(AND(ISNUMBER(D71),D71>=$O$4),1,0) | F71: =B71-$O$8
A72: 210 | B72: 7 | C72: 043 | D72: 0.43 | E72: =IF(AND(ISNUMBER(D72),D72>=$O$4),1,0) | F72: =B72-$O$8
A73: 213 | B73: 7.1 | C73: 045 | D73: 0.45 | E73: =IF(AND(ISNUMBER(D73),D73>=$O$4),1,0) | F73: =B73-$O$8
A74: 216 | B74: 7.2 | C74: 045 | D74: 0.45 | E74: =IF(AND(ISNUMBER(D74),D74>=$O$4),1,0) | F74: =B74-$O$8
A75: 219 | B75: 7.3 | C75: 055 | D75: 0.55 | E75: =IF(AND(ISNUMBER(D75),D75>=$O$4),1,0) | F75: =B75-$O$8
A76: 222 | B76: 7.4 | C76: 053 | D76: 0.53 | E76: =IF(AND(ISNUMBER(D76),D76>=$O$4),1,0) | F76: =B76-$O$8
A77: 225 | B77: 7.5 | C77: 055 | D77: 0.55 | E77: =IF(AND(ISNUMBER(D77),D77>=$O$4),1,0) | F77: =B77-$O$8
A78: 228 | B78: 7.6 | C78: 057 | D78: 0.57 | E78: =IF(AND(ISNUMBER(D78),D78>=$O$4),1,0) | F78: =B78-$O$8
A79: 231 | B79: 7.7 | C79: 055 | D79: 0.55 | E79: =IF(AND(ISNUMBER(D79),D79>=$O$4),1,0) | F79: =B79-$O$8
A80: 234 | B80: 7.8 | C80: 05? | E80: =IF(AND(ISNUMBER(D80),D80>=$O$4),1,0) | F80: =B80-$O$8
A81: 237 | B81: 7.9 | C81: 053 | D81: 0.53 | E81: =IF(AND(ISNUMBER(D81),D81>=$O$4),1,0) | F81: =B81-$O$8
A82: 240 | B82: 8 | C82: 055 | D82: 0.55 | E82: =IF(AND(ISNUMBER(D82),D82>=$O$4),1,0) | F82: =B82-$O$8
A83: 243 | B83: 8.1 | C83: 055 | D83: 0.55 | E83: =IF(AND(ISNUMBER(D83),D83>=$O$4),1,0) | F83: =B83-$O$8
A84: 246 | B84: 8.2 | C84: 075 | D84: 0.75 | E84: =IF(AND(ISNUMBER(D84),D84>=$O$4),1,0) | F84: =B84-$O$8
A85: 249 | B85: 8.3 | C85: 07? | E85: =IF(AND(ISNUMBER(D85),D85>=$O$4),1,0) | F85: =B85-$O$8
A86: 252 | B86: 8.4 | C86: 074 | D86: 0.74 | E86: =IF(AND(ISNUMBER(D86),D86>=$O$4),1,0) | F86: =B86-$O$8
A87: 255 | B87: 8.5 | C87: 075 | D87: 0.75 | E87: =IF(AND(ISNUMBER(D87),D87>=$O$4),1,0) | F87: =B87-$O$8
A88: 258 | B88: 8.6 | C88: 075 | D88: 0.75 | E88: =IF(AND(ISNUMBER(D88),D88>=$O$4),1,0) | F88: =B88-$O$8
A89: 261 | B89: 8.7 | C89: 055 | D89: 0.55 | E89: =IF(AND(ISNUMBER(D89),D89>=$O$4),1,0) | F89: =B89-$O$8
A90: 264 | B90: 8.8 | C90: 052 | D90: 0.52 | E90: =IF(AND(ISNUMBER(D90),D90>=$O$4),1,0) | F90: =B90-$O$8
A91: 267 | B91: 8.9 | C91: 054 | D91: 0.54 | E91: =IF(AND(ISNUMBER(D91),D91>=$O$4),1,0) | F91: =B91-$O$8
A92: 270 | B92: 9 | C92: 055 | D92: 0.55 | E92: =IF(AND(ISNUMBER(D92),D92>=$O$4),1,0) | F92: =B92-$O$8
A93: 273 | B93: 9.1 | C93: 055 | D93: 0.55 | E93: =IF(AND(ISNUMBER(D93),D93>=$O$4),1,0) | F93: =B93-$O$8
A94: 276 | B94: 9.2 | C94: 05? | E94: =IF(AND(ISNUMBER(D94),D94>=$O$4),1,0) | F94: =B94-$O$8
A95: 279 | B95: 9.3 | C95: 053 | D95: 0.53 | E95: =IF(AND(ISNUMBER(D95),D95>=$O$4),1,0) | F95: =B95-$O$8
A96: 282 | B96: 9.4 | C96: 055 | D96: 0.55 | E96: =IF(AND(ISNUMBER(D96),D96>=$O$4),1,0) | F96: =B96-$O$8
A97: 285 | B97: 9.5 | C97: 05? | E97: =IF(AND(ISNUMBER(D97),D97>=$O$4),1,0) | F97: =B97-$O$8
A98: 288 | B98: 9.6 | C98: 055 | D98: 0.55 | E98: =IF(AND(ISNUMBER(D98),D98>=$O$4),1,0) | F98: =B98-$O$8
A99: 291 | B99: 9.7 | C99: 107 | D99: 1.07 | E99: =IF(AND(ISNUMBER(D99),D99>=$O$4),1,0) | F99: =B99-$O$8
A100: 294 | B100: 9.8 | C100: 153 | D100: 1.53 | E100: =IF(AND(ISNUMBER(D100),D100>=$O$4),1,0) | F100: =B100-$O$8
A101: 297 | B101: 9.9 | C101: 155 | D101: 1.55 | E101: =IF(AND(ISNUMBER(D101),D101>=$O$4),1,0) | F101: =B101-$O$8
A102: 300 | B102: 10 | C102: 15? | E102: =IF(AND(ISNUMBER(D102),D102>=$O$4),1,0) | F102: =B102-$O$8
A103: 303 | B103: 10.1 | C103: 105 | D103: 1.05 | E103: =IF(AND(ISNUMBER(D103),D103>=$O$4),1,0) | F103: =B103-$O$8
A104: 306 | B104: 10.2 | C104: 115 | D104: 1.15 | E104: =IF(AND(ISNUMBER(D104),D104>=$O$4),1,0) | F104: =B104-$O$8
A105: 309 | B105: 10.3 | C105: 113 | D105: 1.13 | E105: =IF(AND(ISNUMBER(D105),D105>=$O$4),1,0) | F105: =B105-$O$8
A106: 312 | B106: 10.4 | C106: 113 | D106: 1.13 | E106: =IF(AND(ISNUMBER(D106),D106>=$O$4),1,0) | F106: =B106-$O$8
A107: 315 | B107: 10.5 | C107: 115 | D107: 1.15 | E107: =IF(AND(ISNUMBER(D107),D107>=$O$4),1,0) | F107: =B107-$O$8
A108: 318 | B108: 10.6 | C108: 115 | D108: 1.15 | E108: =IF(AND(ISNUMBER(D108),D108>=$O$4),1,0) | F108: =B108-$O$8
A109: 321 | B109: 10.7 | C109: 11? | E109: =IF(AND(ISNUMBER(D109),D109>=$O$4),1,0) | F109: =B109-$O$8
A110: 324 | B110: 10.8 | C110: 115 | D110: 1.15 | E110: =IF(AND(ISNUMBER(D110),D110>=$O$4),1,0) | F110: =B110-$O$8
A111: 327 | B111: 10.9 | C111: 115 | D111: 1.15 | E111: =IF(AND(ISNUMBER(D111),D111>=$O$4),1,0) | F111: =B111-$O$8
A112: 330 | B112: 11 | C112: 125 | D112: 1.25 | E112: =IF(AND(ISNUMBER(D112),D112>=$O$4),1,0) | F112: =B112-$O$8
A113: 333 | B113: 11.1 | C113: 12? | E113: =IF(AND(ISNUMBER(D113),D113>=$O$4),1,0) | F113: =B113-$O$8
A114: 336 | B114: 11.2 | C114: 12? | E114: =IF(AND(ISNUMBER(D114),D114>=$O$4),1,0) | F114: =B114-$O$8
A115: 339 | B115: 11.3 | C115: 123 | D115: 1.23 | E115: =IF(AND(ISNUMBER(D115),D115>=$O$4),1,0) | F115: =B115-$O$8
A116: 342 | B116: 11.4 | C116: 125 | D116: 1.25 | E116: =IF(AND(ISNUMBER(D116),D116>=$O$4),1,0) | F116: =B116-$O$8
A117: 345 | B117: 11.5 | C117: 125 | D117: 1.25 | E117: =IF(AND(ISNUMBER(D117),D117>=$O$4),1,0) | F117: =B117-$O$8
A118: 348 | B118: 11.6 | C118: 125 | D118: 1.25 | E118: =IF(AND(ISNUMBER(D118),D118>=$O$4),1,0) | F118: =B118-$O$8
A119: 351 | B119: 11.7 | C119: 137 | D119: 1.37 | E119: =IF(AND(ISNUMBER(D119),D119>=$O$4),1,0) | F119: =B119-$O$8
A120: 354 | B120: 11.8 | C120: 13? | E120: =IF(AND(ISNUMBER(D120),D120>=$O$4),1,0) | F120: =B120-$O$8
A121: 357 | B121: 11.9 | C121: 13? | E121: =IF(AND(ISNUMBER(D121),D121>=$O$4),1,0) | F121: =B121-$O$8
A122: 360 | B122: 12 | C122: 13? | E122: =IF(AND(ISNUMBER(D122),D122>=$O$4),1,0) | F122: =B122-$O$8
A123: 363 | B123: 12.1 | C123: 132 | D123: 1.32 | E123: =IF(AND(ISNUMBER(D123),D123>=$O$4),1,0) | F123: =B123-$O$8
A124: 366 | B124: 12.2 | C124: 13? | E124: =IF(AND(ISNUMBER(D124),D124>=$O$4),1,0) | F124: =B124-$O$8
A125: 369 | B125: 12.3 | C125: 13? | E125: =IF(AND(ISNUMBER(D125),D125>=$O$4),1,0) | F125: =B125-$O$8
A126: 372 | B126: 12.4 | C126: 133 | D126: 1.33 | E126: =IF(AND(ISNUMBER(D126),D126>=$O$4),1,0) | F126: =B126-$O$8
A127: 375 | B127: 12.5 | C127: 135 | D127: 1.35 | E127: =IF(AND(ISNUMBER(D127),D127>=$O$4),1,0) | F127: =B127-$O$8
A128: 378 | B128: 12.6 | C128: 135 | D128: 1.35 | E128: =IF(AND(ISNUMBER(D128),D128>=$O$4),1,0) | F128: =B128-$O$8
A129: 381 | B129: 12.7 | C129: 135 | D129: 1.35 | E129: =IF(AND(ISNUMBER(D129),D129>=$O$4),1,0) | F129: =B129-$O$8
A130: 384 | B130: 12.8 | C130: 135 | D130: 1.35 | E130: =IF(AND(ISNUMBER(D130),D130>=$O$4),1,0) | F130: =B130-$O$8
A131: 387 | B131: 12.9 | C131: 135 | D131: 1.35 | E131: =IF(AND(ISNUMBER(D131),D131>=$O$4),1,0) | F131: =B131-$O$8
...

Sheet Hacim
A1: time_corrected_s | B1: remaining_volume_mL
A2: =Sheet1!F2 | B2: =IF(NOT(ISNUMBER(Sheet1!D2)),NA(),Sheet1!$O$5-(Sheet1!D2/Sheet1!$O$6))
A3: =Sheet1!F3 | B3: =IF(NOT(ISNUMBER(Sheet1!D3)),NA(),Sheet1!$O$5-(Sheet1!D3/Sheet1!$O$6))
A4: =Sheet1!F4 | B4: =IF(NOT(ISNUMBER(Sheet1!D4)),NA(),Sheet1!$O$5-(Sheet1!D4/Sheet1!$O$6))
A5: =Sheet1!F5 | B5: =IF(NOT(ISNUMBER(Sheet1!D5)),NA(),Sheet1!$O$5-(Sheet1!D5/Sheet1!$O$6))
A6: =Sheet1!F6 | B6: =IF(NOT(ISNUMBER(Sheet1!D6)),NA(),Sheet1!$O$5-(Sheet1!D6/Sheet1!$O$6))
A7: =Sheet1!F7 | B7: =IF(NOT(ISNUMBER(Sheet1!D7)),NA(),Sheet1!$O$5-(Sheet1!D7/Sheet1!$O$6))
A8: =Sheet1!F8 | B8: =IF(NOT(ISNUMBER(Sheet1!D8)),NA(),Sheet1!$O$5-(Sheet1!D8/Sheet1!$O$6))
A9: =Sheet1!F9 | B9: =IF(NOT(ISNUMBER(Sheet1!D9)),NA(),Sheet1!$O$5-(Sheet1!D9/Sheet1!$O$6))
A10: =Sheet1!F10 | B10: =IF(NOT(ISNUMBER(Sheet1!D10)),NA(),Sheet1!$O$5-(Sheet1!D10/Sheet1!$O$6))
A11: =Sheet1!F11 | B11: =IF(NOT(ISNUMBER(Sheet1!D11)),NA(),Sheet1!$O$5-(Sheet1!D11/Sheet1!$O$6))
A12: =Sheet1!F12 | B12: =IF(NOT(ISNUMBER(Sheet1!D12)),NA(),Sheet1!$O$5-(Sheet1!D12/Sheet1!$O$6))
A13: =Sheet1!F13 | B13: =IF(NOT(ISNUMBER(Sheet1!D13)),NA(),Sheet1!$O$5-(Sheet1!D13/Sheet1!$O$6))
... A1807: =Sheet1!F1807 | B1807: =IF(NOT(ISNUMBER(Sheet1!D1807)),NA(),Sheet1!$O$5-(Sheet1!D1807/Sheet1!$O$6))
